customer_id,age,gender,region,education_level,employment_type,annual_income,loan_amount,loan_purpose,credit_score,repayment_history,transaction_count,spending_ratio,join_date,default_flag
100001,43.0,,South,Primary,Salaried,710040.28,2350487.96,Other,698.6,3,27,23.03,2019-06-09,0
100002,36.0,Male,West,Graduate,Salaried,406309.31,374608.4,Car,789.6,2,24,5.64,2020-11-13,0
100003,45.0,Female,East,Post-Graduate,Salaried,654528.65,697723.55,Business,668.7,2,24,44.98,2021-09-10,0
100004,55.0,Female,West,Secondary,Salaried,337995.13,304555.0,Car,567.7,1,26,10.32,2023-09-13,0
100005,35.0,Male,West,Graduate,Salaried,607591.5,128389.14,Education,850.0,0,25,7.21,2018-09-04,0
100006,35.0,Female,North,Post-Graduate,Unemployed,,406300.34,Home,640.1,1,23,33.54,2026-06-18,0
100007,55.0,Male,South,Post-Graduate,Self-Employed,759233.57,383709.15,Car,693.5,0,24,42.76,2026-06-29,0
100008,46.0,Female,East,Post-Graduate,Unemployed,438382.0,354008.4,Car,778.3,4,32,72.64,2023-09-28,1
100009,33.0,Female,North,Graduate,Salaried,633574.58,420087.52,Business,628.3,2,32,33.0,2023-05-17,0
100010,,Female,North,Post-Graduate,Unemployed,481811.25,527320.51,Other,594.3,1,27,28.02,2026-02-07,0
100011,33.0,Female,North,Graduate,Salaried,,411240.18,Car,701.6,5,18,30.93,2024-02-06,1
100012,33.0,Female,West,Secondary,Salaried,459818.66,210786.1,Home,527.6,1,27,11.61,2021-10-25,0
100013,41.0,Male,South,Secondary,Salaried,502468.98,602422.16,Car,655.5,2,20,46.69,2023-03-23,1
100014,18.0,Female,South,Graduate,Salaried,618050.16,139717.78,Education,700.8,3,21,24.01,2023-07-17,0
100015,19.0,,East,Secondary,Self-Employed,318483.6,131503.45,Home,657.1,1,33,17.76,2020-01-08,0
100016,32.0,Female,South,Graduate,Salaried,314563.17,701173.86,Business,548.8,1,29,20.53,2023-05-23,1
100017,27.0,Female,South,Graduate,Salaried,256267.0,610000.48,Other,815.5,2,25,20.46,2025-03-22,0
100018,41.0,Female,North,Secondary,Salaried,228096.59,434767.05,Other,688.8,1,20,71.48,2024-12-18,0
100019,28.0,Male,North,Graduate,Salaried,281578.93,194800.99,Home,801.6,1,30,45.96,2024-10-14,0
100020,22.0,Female,West,Graduate,Salaried,600415.95,294270.97,Business,657.9,2,29,11.36,2026-07-04,0
100021,54.0,Female,North,Secondary,Salaried,336596.59,384367.66,Business,605.2,0,28,32.32,2021-12-07,0
100022,36.0,Female,North,Primary,Self-Employed,729534.19,172726.81,Car,702.9,3,24,40.88,2018-12-30,0
100023,39.0,Male,North,Primary,Self-Employed,560601.79,288827.72,Education,661.7,1,20,27.92,2024-06-15,0
100024,22.0,Male,North,Secondary,Salaried,186278.15,665571.31,Business,579.9,1,33,49.87,2020-09-08,1
100025,32.0,Male,West,Post-Graduate,Salaried,788517.7,1059583.09,Car,804.9,1,20,38.57,2021-07-26,1
100026,39.0,Male,North,Secondary,,859076.12,349878.77,Car,627.1,3,24,9.09,2018-08-15,0
100027,25.0,Female,East,Graduate,Self-Employed,318395.34,708493.29,Car,523.6,3,21,39.59,2021-06-20,0
100028,42.0,Male,East,Secondary,Salaried,692995.58,142709.56,Education,792.9,1,30,14.62,2023-08-20,0
100029,31.0,Other,East,Secondary,Salaried,343382.25,668421.08,Home,637.1,2,26,25.18,2021-11-16,0
100030,35.0,Male,East,Graduate,,580353.26,277793.64,Other,628.3,2,27,22.25,2023-09-27,0
100031,31.0,Male,North,Graduate,Salaried,274360.83,541127.51,Education,300.0,2,23,23.02,2022-07-06,0
100032,58.0,Female,East,Primary,Salaried,205143.5,387841.26,Education,828.0,1,29,18.63,2024-03-01,0
100033,38.0,Female,North,Secondary,Self-Employed,445576.44,993760.26,Home,570.4,2,17,18.1,2026-04-25,1
100034,,Male,West,Primary,Salaried,513817.1,266290.07,Education,685.0,2,17,60.61,2026-01-20,1
100035,47.0,Female,East,Secondary,Salaried,441948.98,655770.82,Home,757.6,0,14,34.53,2018-06-06,0
100036,25.0,Female,South,Graduate,Self-Employed,286776.01,380521.66,Home,715.8,3,29,57.34,2025-12-12,0
100037,40.0,Male,East,Primary,Self-Employed,441409.84,409224.66,Education,674.9,1,29,36.6,2023-09-05,1
100038,18.0,Other,East,Secondary,Salaried,637803.6,402999.47,Car,535.4,4,21,26.36,2024-10-04,1
100039,23.0,Other,North,Secondary,Salaried,536586.14,270925.46,Education,611.2,3,29,20.29,2022-08-29,0
100040,40.0,Female,East,Post-Graduate,Salaried,608072.33,446209.34,Home,696.0,4,20,57.01,2020-01-31,1
100041,46.0,Male,South,Post-Graduate,Unemployed,380450.06,433398.94,Car,613.1,3,34,38.28,2020-02-13,0
100042,40.0,Female,North,Primary,Salaried,1047711.07,520084.73,Home,697.3,0,19,78.53,2024-04-30,1
100043,37.0,Male,North,Graduate,Unemployed,288017.99,473404.72,Other,737.9,2,24,14.15,2022-04-02,0
100044,35.0,Male,West,Secondary,Self-Employed,719154.66,726358.95,Education,761.8,2,29,3.63,2025-03-20,1
100045,22.0,Male,West,Secondary,Salaried,1053589.71,783172.32,Business,575.8,1,30,32.9,2020-08-15,0
100046,30.0,Male,East,Graduate,Salaried,716528.29,239576.69,Car,850.0,1,27,39.64,2024-11-22,1
100047,33.0,Female,West,Post-Graduate,Salaried,492025.21,757869.41,Home,745.2,1,19,50.16,2018-09-11,0
100048,50.0,,West,Post-Graduate,Salaried,411313.17,220841.61,Other,,4,21,26.34,2022-04-19,0
100049,42.0,Female,West,Graduate,,972399.26,640315.56,Car,772.6,1,28,26.89,2025-08-19,0
100050,19.0,Male,North,Secondary,,251459.53,652682.54,Car,,2,32,29.66,2018-04-28,0
100051,42.0,Male,North,Graduate,Unemployed,322579.6,142944.64,Education,,0,30,20.59,2019-07-04,0
100052,34.0,Male,North,Secondary,Salaried,441978.62,475817.86,Home,660.9,1,22,42.13,2020-06-29,1
100053,31.0,Other,West,Graduate,Self-Employed,1086403.35,339729.57,Business,477.8,4,19,27.18,2020-05-19,0
100054,45.0,Male,North,Secondary,Salaried,677758.13,285427.61,Education,696.4,0,26,57.54,2020-03-18,0
100055,49.0,Female,West,Graduate,Salaried,322948.58,1012076.04,Home,711.1,2,18,16.62,2022-07-31,0
100056,48.0,Female,North,Secondary,Salaried,463705.22,304003.77,Home,676.7,0,29,22.66,2020-03-31,0
100057,29.0,Male,North,Secondary,,392305.37,277389.16,Home,624.4,3,15,26.39,2022-11-17,0
100058,35.0,Female,South,Post-Graduate,Unemployed,372238.33,470908.85,Other,505.8,2,17,22.94,2021-05-06,1
100059,42.0,Male,East,Primary,,942284.77,678986.63,Business,711.8,2,33,41.72,2022-05-21,0
100060,49.0,Female,West,Graduate,Salaried,258645.8,413335.01,Home,803.7,2,34,25.82,2025-02-24,0
100061,33.0,Female,South,Secondary,Salaried,1332414.18,906027.73,Home,,1,30,18.67,2024-09-27,0
100062,36.0,Male,North,Primary,Salaried,867351.75,618831.47,Business,717.4,2,22,34.63,2020-05-29,0
100063,26.0,Male,West,Primary,Salaried,1002139.2,408649.09,Education,546.7,2,22,33.73,2020-09-19,0
100064,25.0,Female,North,Secondary,Self-Employed,,327525.99,Car,718.9,3,19,39.99,2018-01-01,0
100065,47.0,Female,East,Graduate,Self-Employed,506462.8,321225.16,Car,646.6,3,24,45.46,2018-06-16,0
100066,53.0,Male,South,Secondary,Salaried,,599960.7,Home,615.2,1,26,65.7,2023-08-26,0
100067,37.0,Female,East,Post-Graduate,Salaried,412136.23,93163.62,Education,615.4,3,29,11.15,2025-05-28,0
100068,49.0,Female,South,Graduate,Salaried,721569.32,2076945.13,Other,646.5,3,26,41.56,2018-04-22,0
100069,,Female,North,Secondary,,1121870.84,618850.2,Home,712.5,4,20,11.96,2021-01-30,1
100070,31.0,Male,East,Graduate,Salaried,299161.04,492046.72,Education,568.5,0,21,12.49,2025-03-26,1
100071,42.0,Female,East,Graduate,Salaried,449839.12,914326.94,Car,,1,29,17.69,2021-11-30,0
100072,55.0,Female,North,Graduate,Self-Employed,506084.53,1836175.24,Car,676.5,0,23,5.38,2023-06-29,0
100073,38.0,Male,East,Secondary,Self-Employed,255247.64,758767.62,Home,586.6,1,19,22.92,2023-08-06,1
100074,55.0,Male,West,Secondary,Salaried,761401.16,795153.71,Business,832.7,0,31,37.88,2019-05-22,0
100075,18.0,Other,South,Post-Graduate,Salaried,369342.2,486706.66,Car,607.5,2,32,12.78,2022-06-23,0
100076,,Male,South,Post-Graduate,Salaried,493959.53,413365.48,Education,623.1,5,22,52.22,2019-11-02,0
100077,39.0,Female,South,Post-Graduate,Salaried,428952.47,338244.94,Car,596.8,0,27,16.03,2026-07-09,0
100078,35.0,Male,West,Secondary,Self-Employed,356303.22,274123.95,Home,832.9,6,27,4.08,2022-08-18,1
100079,39.0,Male,South,Graduate,Salaried,547873.02,297983.8,Home,727.0,0,26,11.74,2025-09-07,0
100080,18.0,Female,North,Secondary,Salaried,488496.84,200119.36,Business,600.4,4,35,12.41,2024-12-19,0
100081,36.0,Male,East,Secondary,Salaried,448270.32,429973.99,Home,774.0,2,23,47.7,2020-08-22,0
100082,42.0,Male,West,Secondary,Unemployed,368435.03,163767.38,Business,697.1,3,27,40.9,2018-10-08,0
100083,54.0,Male,South,Graduate,Salaried,655669.5,504615.88,Car,701.9,1,23,25.87,2018-12-17,0
100084,32.0,,North,Secondary,Salaried,1365680.03,440296.88,Car,650.7,4,24,36.01,2024-07-09,1
100085,29.0,Male,East,Secondary,Salaried,593986.3,491473.86,Car,,2,34,49.39,2023-05-04,0
100086,32.0,Male,East,Graduate,Self-Employed,951256.08,328970.68,Car,708.7,1,25,33.75,2023-05-21,0
100087,48.0,Female,West,Secondary,Unemployed,256030.41,2850825.28,Home,633.7,0,32,32.15,2025-09-09,0
100088,42.0,Male,West,Primary,Salaried,599854.47,1017716.96,Car,834.4,3,21,48.56,2022-03-28,1
100089,32.0,Female,West,Primary,Unemployed,300775.97,213262.13,Education,572.1,4,30,16.14,2021-07-30,1
100090,44.0,Male,North,Post-Graduate,Unemployed,244107.71,517478.74,Education,810.6,2,23,9.72,2023-05-19,0
100091,39.0,Female,North,Graduate,Unemployed,366230.9,312449.83,Car,670.5,4,37,30.5,2019-12-29,0
100092,49.0,Male,West,Secondary,Self-Employed,1059405.22,244828.94,Car,705.4,3,36,29.33,2020-04-02,0
100093,30.0,Female,South,Graduate,Self-Employed,927438.96,201382.15,Home,750.8,2,25,14.84,2021-12-08,0
100094,34.0,Male,East,Graduate,Salaried,628647.62,583227.65,Home,626.4,5,24,46.16,2023-08-24,0
100095,34.0,Male,East,Secondary,Self-Employed,236733.01,298992.78,Home,753.5,1,15,21.9,2020-12-15,1
100096,22.0,Male,North,Graduate,Salaried,493717.71,804276.57,Other,449.9,2,30,19.37,2024-07-17,0
100097,41.0,Male,East,Graduate,Self-Employed,649273.01,816900.18,Home,618.8,2,22,36.47,2018-07-18,0
100098,41.0,Male,South,Graduate,Salaried,605747.48,1026177.71,Home,601.5,1,26,21.51,2023-02-27,0
100099,38.0,Male,East,Secondary,Self-Employed,199503.51,269836.31,Home,573.5,0,26,5.52,2019-11-09,0
100100,35.0,,North,Graduate,Self-Employed,337054.1,598524.19,Home,661.7,3,14,33.42,2025-05-29,0
100101,22.0,Male,North,Graduate,Salaried,530954.06,657681.07,Education,712.8,3,38,18.97,2022-01-04,0
100102,33.0,Male,South,Secondary,Self-Employed,738689.95,338573.32,Home,739.7,3,25,31.99,2018-03-19,0
100103,34.0,Female,South,Secondary,Salaried,164358.16,283208.79,Home,700.5,2,26,23.16,2023-11-30,0
100104,29.0,Female,East,Primary,Self-Employed,503080.45,1181996.2,Education,623.4,3,20,27.27,2019-06-19,0
100105,36.0,Male,East,Secondary,Salaried,595020.05,515813.42,Car,711.4,3,18,20.82,2021-10-30,0
100106,42.0,Male,North,Graduate,Salaried,877612.25,659069.0,Business,690.6,0,19,41.71,2021-03-11,0
100107,59.0,Male,South,Primary,Unemployed,805118.88,274788.57,Education,759.6,1,24,6.33,2026-04-28,0
100108,40.0,Female,South,Secondary,Salaried,757734.08,216518.7,Home,746.0,4,23,15.28,2021-05-05,0
100109,41.0,Female,South,Graduate,Self-Employed,,986218.72,Education,682.6,1,21,22.0,2020-02-29,1
100110,37.0,Male,East,Primary,Salaried,192581.05,417729.77,Home,603.7,2,26,32.62,2022-04-13,0
100111,18.0,Female,South,Post-Graduate,Salaried,443075.09,237630.18,Education,624.5,3,19,16.87,2021-08-15,0
100112,38.0,Female,North,Secondary,Salaried,954145.12,447349.74,Car,633.3,1,32,30.17,2021-01-04,0
100113,39.0,Female,North,Secondary,Salaried,1183602.78,163390.73,Home,653.2,1,25,26.98,2025-01-21,0
100114,65.0,Female,East,Secondary,,812991.2,229802.24,Education,702.8,4,24,45.97,2023-11-18,0
100115,36.0,Male,West,Secondary,Salaried,696491.6,673032.98,Business,740.8,5,25,40.4,2022-02-11,0
100116,41.0,Male,East,Primary,Salaried,677710.42,646466.83,Other,675.7,1,20,45.84,2026-04-09,0
100117,38.0,Male,West,Graduate,Salaried,405067.2,355712.04,Education,681.4,1,27,15.52,2022-01-31,0
100118,25.0,Male,South,Post-Graduate,Unemployed,512030.97,244346.91,Car,300.0,5,20,14.98,2022-07-18,1
100119,51.0,Female,East,Secondary,Unemployed,6806977.67,242937.8,Home,,0,38,36.74,2023-03-16,0
100120,46.0,Female,North,Graduate,Salaried,,359705.86,Home,,2,23,9.94,2021-08-08,0
100121,47.0,Male,South,Graduate,Self-Employed,,662459.01,Car,530.8,1,29,15.64,2026-05-21,1
100122,28.0,,North,Graduate,Salaried,460725.67,785401.46,Car,620.9,2,20,22.44,2018-05-05,0
100123,53.0,Male,South,Secondary,Self-Employed,1140139.54,334062.65,Other,,2,27,19.29,2026-05-21,1
100124,23.0,Female,East,Secondary,Self-Employed,253704.45,225236.76,Car,620.3,1,32,48.57,2019-06-03,0
100125,44.0,,West,Secondary,,759124.34,528452.94,Car,659.8,3,24,35.45,2023-09-02,1
100126,62.0,Male,South,Graduate,Salaried,366755.24,274548.13,Car,719.6,3,27,16.0,2018-06-11,0
100127,27.0,Male,West,Graduate,Self-Employed,252527.8,329737.21,Business,724.3,3,20,61.03,2025-04-30,0
100128,32.0,Male,South,Secondary,Salaried,620243.41,996663.54,Education,588.2,1,30,34.47,2024-12-28,0
100129,39.0,Other,North,Secondary,Unemployed,958268.26,739161.8,Education,764.8,0,25,13.03,2020-05-31,0
100130,,Female,North,Post-Graduate,Salaried,345571.82,494739.9,Car,775.8,2,17,15.71,2020-11-10,0
100131,21.0,Male,South,Graduate,Salaried,241159.73,209787.72,Business,584.0,1,30,49.42,2022-11-23,0
100132,39.0,Female,West,Post-Graduate,Self-Employed,522907.02,510854.86,Home,610.0,4,25,33.11,2023-02-05,0
100133,26.0,Female,East,Graduate,Self-Employed,524176.7,851365.86,Business,781.2,4,18,29.2,2019-04-28,1
100134,43.0,Female,East,Secondary,Salaried,743593.17,359195.71,Education,,1,21,19.56,2022-03-06,1
100135,28.0,Male,North,Graduate,Unemployed,,1012235.0,Car,491.3,0,26,45.28,2023-05-21,1
100136,55.0,Male,East,Graduate,Salaried,532317.4,977398.8,Car,561.0,2,30,7.25,2024-06-14,0
100137,29.0,Male,North,Primary,Self-Employed,1526060.87,1221075.47,Education,658.8,2,32,14.41,2020-05-23,0
100138,34.0,Female,East,Graduate,Salaried,622191.17,540445.32,Home,581.1,4,18,18.07,2022-04-26,1
100139,47.0,Male,South,Graduate,Salaried,454584.45,640137.25,Business,644.9,1,25,13.01,2024-02-29,1
100140,24.0,Male,North,Secondary,Salaried,226683.83,1051276.01,Car,682.8,1,27,35.71,2025-05-11,0
100141,41.0,Male,North,Graduate,Salaried,476017.94,588562.98,Car,804.3,2,25,48.1,2018-05-22,0
100142,52.0,Female,South,Graduate,Salaried,457101.5,333121.44,Home,655.3,6,20,61.87,2023-02-23,0
100143,20.0,Male,North,Post-Graduate,,932702.15,343821.24,Car,,1,35,12.58,2020-09-30,0
100144,40.0,Female,East,Primary,Salaried,709304.05,519247.45,Car,801.4,0,23,33.71,2025-04-16,1
100145,41.0,Female,East,Secondary,Self-Employed,287512.19,207454.23,Car,801.9,1,25,27.46,2023-11-25,0
100146,47.0,Male,North,Graduate,Unemployed,604655.09,412935.84,Education,,1,30,34.2,2023-07-08,0
100147,24.0,Female,East,Secondary,Salaried,795730.39,868854.65,Car,513.1,0,30,42.86,2019-06-13,1
100148,23.0,Male,West,Graduate,Salaried,1274533.52,120843.37,Other,719.2,1,22,24.53,2025-03-08,0
100149,44.0,Female,North,Graduate,Salaried,896094.13,1129959.24,Education,769.1,1,28,58.24,2020-08-26,0
100150,41.0,Male,South,Primary,Salaried,835795.48,882423.51,Business,,4,15,49.32,2022-11-08,0
100151,41.0,Female,West,Graduate,Self-Employed,568479.68,341514.05,Home,828.3,6,22,32.68,2025-06-28,0
100152,42.0,Female,North,Graduate,Salaried,680950.68,623458.42,Car,753.1,1,28,36.54,2024-05-27,0
100153,31.0,Female,South,Secondary,Salaried,1093507.8,450850.69,Car,728.3,1,29,10.98,2020-03-15,0
100154,41.0,Female,East,Post-Graduate,Salaried,264248.7,941281.09,Education,772.3,1,22,11.77,2021-08-27,0
100155,41.0,Male,South,Graduate,Salaried,453831.8,811478.16,Business,708.3,2,17,12.69,2019-10-30,0
100156,30.0,Female,West,Graduate,,359604.73,194261.49,Home,468.1,0,31,33.43,2019-01-20,0
100157,59.0,Female,East,Graduate,Unemployed,677529.09,640087.59,Home,637.6,5,22,40.75,2026-07-22,0
100158,43.0,Female,North,Secondary,Salaried,1081971.89,397768.78,Business,781.8,2,32,11.08,2022-05-28,0
100159,25.0,Male,East,Post-Graduate,,396066.62,472929.88,Home,611.4,2,20,26.14,2025-07-11,0
100160,45.0,Female,North,Graduate,Self-Employed,147710.0,290715.3,Education,661.0,1,21,11.11,2018-01-13,1
100161,27.0,Female,North,Graduate,Unemployed,438428.56,1284506.43,Education,591.2,1,29,30.31,2026-03-27,1
100162,47.0,Female,South,Graduate,Salaried,908985.22,839901.54,Business,831.6,1,21,25.28,2024-01-17,0
100163,51.0,Male,South,Secondary,,739234.16,288699.08,Home,822.9,6,34,34.9,2021-07-31,0
100164,29.0,Female,South,Graduate,,696049.46,202043.14,Home,604.9,2,28,36.41,2025-02-25,0
100165,49.0,Male,West,Secondary,Salaried,471501.35,357038.64,Education,692.5,1,28,39.63,2023-08-18,0
100166,43.0,Female,West,Secondary,Salaried,272176.67,584028.14,Other,622.2,0,25,23.09,2018-03-13,0
100167,47.0,Male,South,Secondary,Salaried,730208.53,519762.04,Car,732.3,4,34,44.67,2026-01-18,1
100168,59.0,Female,West,Post-Graduate,Salaried,347603.79,954442.38,Car,723.3,0,25,14.22,2023-11-16,0
100169,35.0,Other,East,Graduate,Salaried,1828354.17,722848.33,Education,749.0,4,18,24.56,2023-11-05,1
100170,30.0,Male,East,Graduate,Self-Employed,752722.96,805118.12,Other,850.0,1,35,23.94,2023-02-09,1
100171,,Other,West,Graduate,Salaried,399639.03,547499.1,Business,850.0,3,31,28.09,2018-04-11,0
100172,29.0,Male,West,Graduate,Salaried,392939.79,195521.11,Other,592.6,2,23,20.79,2018-10-08,0
100173,37.0,Female,East,Post-Graduate,Salaried,522590.91,400145.59,Home,534.6,2,39,77.93,2020-06-01,1
100174,42.0,Female,North,Secondary,Salaried,482119.6,850055.32,Home,646.6,3,20,24.65,2021-08-05,0
100175,41.0,Female,East,Secondary,Unemployed,1016557.15,436301.63,Education,546.7,1,27,10.69,2025-08-28,0
100176,47.0,Female,East,Secondary,Salaried,609383.12,608563.83,Business,553.1,1,27,18.06,2024-02-22,0
100177,,Female,West,Graduate,Salaried,367793.2,371667.11,Car,594.9,1,26,18.52,2024-09-04,0
100178,54.0,Male,East,Graduate,Self-Employed,1555668.53,242587.02,Home,601.6,2,28,28.05,2019-09-01,0
100179,35.0,Male,West,Secondary,Salaried,565119.87,417899.57,Business,598.9,1,20,24.23,2019-03-26,0
100180,68.0,Female,West,Primary,Unemployed,839477.86,541680.34,Home,724.0,1,21,18.34,2021-07-08,0
100181,45.0,Female,South,Graduate,Salaried,1191118.07,303637.62,Car,637.0,1,23,57.93,2022-03-16,0
100182,29.0,Female,East,Primary,Salaried,671579.15,390653.44,Education,664.7,3,17,19.07,2018-05-01,1
100183,26.0,Female,North,Graduate,Salaried,652642.02,256100.42,Education,756.0,6,28,35.58,2024-07-07,0
100184,43.0,Male,South,Post-Graduate,Salaried,194534.82,880768.25,Business,614.9,2,24,32.87,2020-12-11,0
100185,36.0,Female,West,Secondary,Self-Employed,1666231.2,377124.03,Car,657.5,0,30,34.41,2018-11-14,0
100186,46.0,Male,West,Secondary,Self-Employed,1118532.38,1075887.21,Education,711.1,0,31,25.71,2025-06-15,0
100187,43.0,Female,North,Graduate,Salaried,442066.73,1126078.24,Education,515.0,3,27,26.48,2019-12-03,0
100188,37.0,Male,West,Graduate,Salaried,299966.24,428641.11,Education,477.3,3,25,48.71,2025-07-03,1
100189,29.0,Male,East,Graduate,Self-Employed,665858.49,245716.48,Education,709.4,4,26,21.5,2020-10-13,0
100190,21.0,Male,South,Post-Graduate,Unemployed,576861.39,128728.93,Home,721.8,2,26,60.18,2018-01-21,0
100191,33.0,Male,West,Primary,Salaried,668834.2,186051.84,Home,850.0,0,21,15.47,2024-09-12,1
100192,47.0,Female,West,Graduate,Salaried,611115.42,197343.66,Home,693.4,2,22,38.64,2022-10-05,0
100193,40.0,Male,North,Graduate,Salaried,726581.62,1028986.24,Home,,3,26,15.04,2024-02-28,0
100194,24.0,Male,East,Graduate,Unemployed,1219183.21,482384.9,Education,663.4,2,26,36.83,2024-11-18,0
100195,40.0,,West,Secondary,Salaried,751728.36,568505.11,Business,705.3,1,28,14.4,2020-06-14,0
100196,42.0,Male,North,Graduate,Salaried,308773.42,118746.98,Business,821.7,2,31,34.83,2021-03-28,0
100197,28.0,Male,West,Graduate,Self-Employed,1163662.74,219305.94,Business,499.5,2,27,31.4,2024-06-15,1
100198,40.0,Male,North,Secondary,Salaried,1355948.23,766240.01,Car,715.2,1,27,55.28,2024-12-26,0
100199,,Female,North,Secondary,Salaried,3000000.0,534489.48,Car,850.0,1,35,36.57,2023-09-05,1
100200,25.0,,East,Graduate,Salaried,,411959.24,Car,704.0,4,19,31.08,2018-03-07,0
100201,42.0,Female,West,Secondary,Salaried,628605.19,631534.77,Home,820.3,2,28,44.61,2018-09-20,1
100202,44.0,Male,East,Secondary,Salaried,174996.15,1200779.57,Home,626.5,4,23,23.98,2019-04-17,0
100203,50.0,Male,North,Secondary,Salaried,745570.96,394106.87,Education,677.3,1,23,33.43,2024-01-24,1
100204,50.0,Female,South,Graduate,,406835.17,469125.1,Other,682.8,1,18,25.1,2025-10-18,1
100205,23.0,Male,West,Graduate,,1584166.16,505124.9,Home,491.5,3,14,50.97,2018-12-09,0
100206,28.0,Male,South,Graduate,Self-Employed,359200.25,1890342.6,Home,580.7,2,24,13.42,2019-12-19,0
100207,44.0,,West,Secondary,Self-Employed,217210.65,127693.62,Business,586.8,1,22,38.87,2024-09-26,0
100208,,Male,East,Graduate,,424419.87,678023.12,Home,749.9,1,29,3.71,2022-08-22,0
100209,44.0,Male,East,Graduate,Salaried,185564.03,420046.84,Business,754.1,1,27,19.37,2026-06-01,0
100210,75.0,Male,East,Graduate,Salaried,,632266.27,Business,707.5,1,19,18.11,2021-05-23,0
100211,44.0,Female,East,Post-Graduate,Salaried,176641.56,303330.83,Other,750.0,0,25,45.82,2025-06-27,0
100212,50.0,Female,East,Primary,Salaried,558676.14,436971.76,Car,666.0,3,24,54.6,2025-10-15,0
100213,48.0,Female,South,Graduate,Self-Employed,175409.24,689587.73,Education,782.2,4,25,13.14,2023-07-19,0
100214,45.0,Female,East,Primary,Salaried,461164.35,2913160.06,Car,680.7,1,20,30.55,2024-12-05,0
100215,35.0,Female,North,Graduate,Salaried,1358010.8,730748.46,Education,684.9,3,13,28.23,2020-11-21,0
100216,46.0,Female,North,Secondary,Salaried,670668.26,270536.82,Car,657.4,0,26,29.85,2018-01-15,0
100217,29.0,Female,South,Secondary,Self-Employed,342063.64,1029587.03,Home,738.2,3,26,28.6,2023-02-13,0
100218,35.0,Male,West,Secondary,Salaried,540641.48,342817.8,Education,644.2,1,20,38.82,2018-01-17,1
100219,33.0,Male,North,Graduate,Self-Employed,555477.2,153217.99,Education,763.0,2,20,23.42,2025-01-25,0
100220,39.0,Male,West,Secondary,Salaried,713273.52,369146.46,Business,583.8,3,24,27.32,2022-11-15,1
100221,63.0,Female,South,Graduate,Unemployed,259341.62,698506.88,Business,586.6,2,22,45.68,2023-05-04,1
100222,18.0,Female,West,Secondary,Unemployed,2307633.86,209496.77,Education,738.4,1,17,49.11,2018-03-22,0
100223,46.0,Male,West,Primary,Salaried,124275.75,844155.88,Home,672.5,1,27,36.41,2025-05-27,1
100224,20.0,Female,West,Graduate,Salaried,388962.05,602997.15,Business,641.4,2,29,48.91,2024-10-19,0
100225,33.0,Male,West,Secondary,Salaried,420467.7,289659.93,Education,755.7,1,13,36.15,2026-06-07,0
100226,50.0,Female,South,Secondary,Salaried,779184.63,413364.51,Other,628.4,2,23,19.48,2020-10-15,1
100227,39.0,Male,North,Graduate,Self-Employed,,1174080.62,Other,663.0,2,15,11.4,2025-06-19,0
100228,26.0,Male,East,Secondary,Self-Employed,253879.21,698808.17,Home,798.9,3,19,42.79,2020-02-19,1
100229,30.0,,West,Primary,Self-Employed,319952.34,452377.85,Business,810.8,5,26,55.82,2022-12-30,0
100230,,Male,North,Secondary,Self-Employed,613507.37,390191.48,Home,813.7,2,17,4.01,2024-02-12,0
100231,30.0,Male,North,Post-Graduate,Salaried,526594.73,471167.2,Car,656.0,2,14,38.11,2024-10-05,0
100232,,Male,South,Graduate,Salaried,399974.19,331023.53,Education,784.6,1,20,24.72,2024-11-18,1
100233,39.0,Female,North,Graduate,Self-Employed,422191.79,127281.08,Home,599.3,4,28,10.09,2023-11-01,1
100234,31.0,Female,South,Graduate,Salaried,806586.12,1532344.71,Business,602.9,2,24,39.17,2025-02-27,1
100235,62.0,Male,West,Secondary,Self-Employed,413719.15,493954.09,Home,480.2,2,31,10.11,2025-05-14,0
100236,45.0,Female,West,Secondary,Salaried,523987.64,571426.54,Home,822.2,0,29,48.63,2018-11-21,0
100237,18.0,Female,East,Graduate,Salaried,1814170.11,434633.41,Education,606.6,1,24,27.5,2023-09-30,1
100238,40.0,Male,East,Primary,Unemployed,251361.67,289506.43,Business,669.2,1,24,26.83,2020-11-16,1
100239,31.0,Male,East,Secondary,Salaried,198622.25,402499.11,Other,602.6,1,13,38.61,2019-11-08,0
100240,47.0,Male,North,Secondary,Unemployed,846315.82,172364.38,Business,739.1,2,20,58.35,2023-07-23,0
100241,29.0,Male,West,Secondary,Unemployed,378669.8,1764282.69,Education,648.1,3,31,33.23,2026-04-17,0
100242,37.0,Female,South,Post-Graduate,Self-Employed,,214549.48,Car,569.1,3,23,23.21,2023-07-05,0
100243,44.0,Male,East,Primary,Self-Employed,357910.25,242273.64,Home,717.5,4,26,27.66,2020-03-03,0
100244,48.0,Female,South,Graduate,Salaried,476767.14,345534.35,Home,558.1,3,25,50.65,2025-05-28,0
100245,25.0,Female,South,Secondary,Self-Employed,1324929.12,974664.22,Education,608.8,1,20,33.23,2021-04-09,0
100246,34.0,Male,East,Post-Graduate,Salaried,854989.28,453934.53,Education,500.9,3,25,57.13,2023-12-05,0
100247,33.0,Female,West,Primary,Salaried,883720.83,214340.55,Car,559.0,1,30,39.62,2026-06-03,1
100248,31.0,Male,East,Secondary,Salaried,252394.51,955133.0,Business,695.2,2,33,15.44,2026-07-29,1
100249,57.0,Female,South,Graduate,Salaried,292008.74,697740.99,Education,513.0,0,31,31.81,2020-06-23,0
100250,42.0,Male,East,Graduate,Salaried,115402.38,621607.31,Home,554.1,1,31,20.91,2019-05-17,1
100251,24.0,Female,South,Secondary,Salaried,352397.16,691378.98,Home,679.8,1,19,22.45,2020-03-09,0
100252,48.0,Female,South,Secondary,Salaried,930856.41,1892898.86,Business,633.8,4,34,55.11,2025-12-14,0
100253,61.0,Male,East,Secondary,Self-Employed,,1669541.84,Business,849.3,1,24,22.52,2021-01-28,0
100254,49.0,Female,North,Secondary,Salaried,486913.25,298037.22,Other,835.9,2,27,7.21,2021-02-16,0
100255,21.0,Female,East,Secondary,Unemployed,543295.36,1192227.37,Home,606.2,2,23,9.77,2023-10-18,1
100256,,Female,North,Secondary,Self-Employed,376542.62,566313.89,Other,727.4,1,32,31.13,2025-06-04,1
100257,52.0,Female,South,Secondary,Self-Employed,615562.0,607107.01,Home,743.7,3,21,13.23,2025-10-10,0
100258,30.0,Female,South,Secondary,Salaried,838111.66,163021.99,Home,629.2,4,28,11.69,2018-08-09,1
100259,,Male,North,Graduate,Self-Employed,226145.94,406269.25,Other,552.9,0,21,45.34,2026-05-16,0
100260,47.0,Male,South,Post-Graduate,Salaried,648540.53,276318.29,Car,679.0,2,24,32.0,2024-03-20,0
100261,28.0,Female,North,Graduate,Self-Employed,918514.29,739580.31,Education,665.3,2,34,27.6,2025-06-17,0
100262,37.0,Male,North,Primary,,437734.74,855679.49,Home,643.0,5,38,8.37,2024-03-08,0
100263,18.0,Female,South,Primary,Unemployed,808599.4,129613.35,Education,717.6,2,17,13.36,2020-07-19,0
100264,27.0,Female,West,Post-Graduate,Unemployed,2586286.19,444089.74,Other,616.2,2,28,23.31,2020-06-04,1
100265,35.0,,North,Secondary,Salaried,519324.92,882152.1,Car,582.1,4,28,42.68,2026-01-08,1
100266,24.0,Male,East,Primary,Salaried,682824.01,402316.95,Education,689.3,1,19,19.66,2018-09-19,0
100267,56.0,Female,East,Graduate,Self-Employed,366495.73,696930.55,Home,712.8,4,25,9.02,2025-01-09,0
100268,22.0,Male,South,Graduate,Salaried,607654.47,555543.47,Education,580.0,3,24,63.6,2021-06-25,0
100269,33.0,Female,West,Graduate,Self-Employed,708441.63,552384.15,Car,758.9,6,22,34.13,2020-03-08,0
100270,39.0,Male,South,Secondary,Salaried,612213.8,382396.72,Home,529.5,0,21,24.45,2021-07-04,1
100271,54.0,Female,West,Primary,Salaried,313903.57,216870.22,Car,630.9,3,23,13.02,2025-01-31,0
100272,22.0,Male,North,Post-Graduate,Unemployed,,229597.89,Home,658.1,1,20,31.44,2019-02-21,0
100273,51.0,Female,North,Secondary,Self-Employed,1229208.87,688736.73,Other,625.9,1,22,40.37,2023-10-02,0
100274,38.0,Male,North,Graduate,Self-Employed,703922.28,455284.52,Car,632.0,2,28,27.07,2022-11-23,0
100275,27.0,Female,North,Graduate,Salaried,933565.6,414113.56,Home,839.0,2,37,34.18,2018-02-07,0
100276,43.0,Male,East,Graduate,Self-Employed,482780.3,348944.74,Car,607.7,1,31,4.26,2024-06-13,0
100277,40.0,Female,East,Secondary,Salaried,830778.66,374703.21,Car,850.0,2,22,24.94,2020-04-25,0
100278,31.0,Female,South,Secondary,,641311.69,843360.63,Business,717.2,3,26,5.43,2020-06-16,0
100279,39.0,Male,West,Graduate,Self-Employed,326006.52,368006.7,Other,687.8,2,22,43.41,2018-02-22,0
100280,34.0,Male,North,Graduate,Salaried,655307.66,201262.24,Car,720.5,2,28,64.81,2019-08-29,1
100281,39.0,Male,North,Post-Graduate,Salaried,318774.87,703057.48,Business,850.0,4,31,37.79,2019-03-28,1
100282,,Female,West,Primary,Salaried,388321.7,397948.1,Education,595.5,1,15,19.51,2019-04-06,0
100283,55.0,Female,West,Secondary,Self-Employed,610359.94,458557.23,Home,584.8,0,21,6.68,2020-02-14,0
100284,24.0,Female,South,Post-Graduate,Salaried,647683.81,1180619.48,Business,615.8,3,24,73.33,2023-02-02,0
100285,61.0,Male,West,Graduate,Self-Employed,285956.71,444482.75,Education,682.7,2,21,38.25,2021-03-06,0
100286,18.0,Male,North,Post-Graduate,Salaried,982018.8,535262.77,Education,533.3,5,18,17.53,2021-10-27,0
100287,36.0,Female,North,Secondary,Self-Employed,753343.83,221826.04,Other,850.0,3,28,26.05,2024-09-08,0
100288,44.0,Male,North,Graduate,Self-Employed,373275.83,394431.67,Car,824.0,7,17,45.39,2020-11-26,1
100289,41.0,Other,North,Graduate,Salaried,236097.92,648695.36,Other,692.9,1,20,45.57,2022-08-05,0
100290,31.0,Male,North,Graduate,Salaried,507867.59,176977.63,Business,655.1,4,31,38.17,2026-06-07,0
100291,36.0,Female,South,Secondary,Salaried,430371.69,507630.92,Car,627.5,1,27,36.47,2025-05-18,0
100292,33.0,Male,North,Primary,Salaried,585312.29,478053.3,Education,,2,25,61.78,2024-04-29,1
100293,32.0,Male,South,Graduate,Self-Employed,450430.65,461286.84,Car,609.8,4,24,18.86,2025-05-03,1
100294,47.0,,North,Secondary,Salaried,182329.78,838439.92,Other,836.9,2,27,6.7,2021-07-06,0
100295,42.0,Female,East,Secondary,Self-Employed,444223.34,549995.83,Education,850.0,0,17,35.78,2021-09-08,1
100296,30.0,Other,East,Post-Graduate,Salaried,464902.53,1092354.48,Home,701.8,2,25,36.85,2025-01-21,0
100297,48.0,Male,East,Secondary,,779327.87,247916.97,Car,679.0,2,26,20.28,2024-06-06,0
100298,41.0,Male,East,Graduate,,374618.61,488237.67,Education,767.6,0,22,19.53,2023-03-04,0
100299,47.0,Female,South,Secondary,Salaried,1384631.54,473393.83,Home,,1,24,48.47,2019-04-30,1
100300,45.0,Female,South,Graduate,Salaried,192196.06,236913.45,Home,611.5,3,14,13.95,2018-04-02,1
100301,29.0,Male,West,Post-Graduate,Salaried,1131229.53,3405261.5,Car,635.2,0,22,22.27,2021-04-02,0
100302,32.0,Male,North,Primary,Salaried,486162.46,1815382.68,Car,567.6,1,38,36.94,2021-09-20,1
100303,46.0,Male,East,Primary,,882439.26,1127985.52,Car,,1,22,30.52,2024-06-20,0
100304,45.0,Female,South,Secondary,Salaried,574677.55,609269.22,Home,736.7,2,31,50.97,2023-04-22,0
100305,,Male,North,Primary,Self-Employed,1029340.75,473408.51,Home,565.3,0,22,36.8,2026-03-12,0
100306,39.0,Male,North,Graduate,Salaried,444464.06,293270.91,Business,641.3,0,23,10.95,2024-04-04,1
100307,52.0,Male,South,Post-Graduate,Salaried,,150926.27,Education,565.5,0,13,34.09,2022-09-06,0
100308,31.0,Male,East,Secondary,Salaried,6226406.4,294648.61,Home,603.6,3,28,36.03,2023-11-01,0
100309,44.0,Male,West,Secondary,Salaried,516721.44,195209.35,Car,726.8,3,24,10.18,2025-06-09,0
100310,36.0,Male,North,Secondary,Self-Employed,621276.01,1251012.91,Education,617.7,0,20,19.91,2023-06-13,1
100311,36.0,Male,West,Graduate,Unemployed,1084670.82,419969.36,Home,654.4,2,25,12.66,2018-06-27,1
100312,,Female,East,Primary,Salaried,311794.06,365657.09,Home,541.7,3,21,18.03,2018-09-07,0
100313,47.0,Male,East,Graduate,Unemployed,763137.54,767194.13,Home,695.9,5,27,67.59,2020-02-04,0
100314,47.0,Female,West,Graduate,Salaried,397611.8,947880.54,Business,676.2,3,28,5.72,2025-06-07,0
100315,52.0,Female,East,Graduate,Salaried,511437.37,284044.0,Business,618.0,1,22,32.72,2026-01-29,1
100316,38.0,Female,North,Secondary,Salaried,572304.8,468760.02,Business,663.9,3,23,8.64,2018-04-01,0
100317,46.0,Female,West,Graduate,Salaried,240999.84,834229.86,Business,695.3,2,23,7.66,2018-12-05,0
100318,35.0,Male,East,Primary,Salaried,358367.11,608050.91,Education,610.7,0,27,32.58,2022-07-20,0
100319,42.0,Male,West,Secondary,,1156332.19,522300.28,Car,554.5,2,25,54.5,2023-02-16,0
100320,37.0,Female,North,Graduate,Salaried,895447.36,471593.9,Education,833.5,4,21,33.03,2018-06-18,0
100321,39.0,Other,East,Graduate,Unemployed,531374.22,572143.08,Home,626.2,3,27,17.71,2025-03-10,0
100322,45.0,Female,North,Primary,Salaried,628688.67,507877.02,Education,671.8,2,26,63.06,2020-02-19,0
100323,29.0,Female,East,Secondary,Salaried,467820.61,242563.67,Business,765.9,3,29,32.61,2018-06-19,0
100324,61.0,,South,Secondary,Self-Employed,1159842.08,462614.97,Education,850.0,3,19,23.09,2024-08-06,0
100325,27.0,Male,East,Secondary,Salaried,492613.24,236283.98,Car,574.2,1,24,25.01,2024-04-10,0
100326,25.0,,West,Secondary,Salaried,624799.89,472433.55,Home,718.2,1,22,20.97,2018-05-18,0
100327,51.0,Female,East,Primary,Self-Employed,1033012.8,337261.58,Education,619.9,5,20,54.82,2026-06-27,0
100328,47.0,Female,North,Secondary,Unemployed,358656.09,2064981.52,Business,,2,19,15.97,2019-06-03,0
100329,45.0,Male,North,Graduate,Self-Employed,1296277.96,439356.41,Business,618.8,4,22,23.14,2021-11-22,1
100330,45.0,Female,East,Graduate,,237024.74,193776.19,Car,584.3,4,32,64.68,2024-07-08,0
100331,38.0,Male,West,Graduate,Self-Employed,1347789.94,415191.33,Business,676.5,2,20,36.84,2026-04-01,0
100332,28.0,Female,South,Primary,Unemployed,448068.76,614533.12,Education,554.7,2,25,32.03,2025-02-23,1
100333,39.0,Male,West,Post-Graduate,Salaried,481272.66,1228152.09,Other,760.5,3,27,71.64,2024-10-09,0
100334,31.0,Male,South,Graduate,Salaried,194496.21,315947.53,Education,684.7,4,24,33.22,2021-03-05,1
100335,49.0,,North,Graduate,Salaried,428281.71,174128.02,Education,715.9,1,23,24.19,2025-05-12,0
100336,36.0,Male,West,Graduate,Salaried,310450.57,734617.38,Education,640.4,2,32,30.6,2019-12-10,1
100337,29.0,Female,South,Post-Graduate,Self-Employed,393748.66,196544.4,Business,300.0,1,31,50.79,2021-07-14,0
100338,34.0,Female,East,Graduate,Self-Employed,509993.13,346386.19,Other,704.4,6,20,71.15,2023-07-29,1
100339,43.0,Female,North,Secondary,Salaried,,385551.7,Home,581.1,2,19,25.08,2018-04-17,0
100340,32.0,Male,East,Graduate,Salaried,616525.77,431586.31,Home,649.6,2,24,19.93,2025-02-20,0
100341,29.0,Male,North,Graduate,Self-Employed,651410.78,680444.5,Other,606.9,1,30,16.2,2023-12-26,0
100342,41.0,Male,West,Graduate,Salaried,301081.99,298588.69,Education,604.3,4,29,31.73,2025-04-16,0
100343,41.0,Other,West,Graduate,Self-Employed,338831.7,381843.19,Education,500.7,2,22,24.84,2023-09-26,1
100344,32.0,Female,North,Primary,Salaried,1479141.36,446163.45,Car,793.8,3,35,11.0,2023-07-06,0
100345,33.0,Female,North,Secondary,Salaried,367071.89,492259.67,Home,621.6,1,25,51.21,2022-08-16,0
100346,41.0,Female,North,Post-Graduate,Salaried,1367627.57,477203.91,Business,778.9,4,38,35.93,2024-08-12,1
100347,22.0,,West,Graduate,Salaried,,584555.1,Business,770.8,4,24,30.98,2018-01-06,1
100348,23.0,Female,South,Graduate,Self-Employed,550692.54,746616.22,Car,570.7,0,29,50.68,2019-06-07,0
100349,30.0,Male,East,Secondary,Unemployed,990905.45,569539.45,Car,587.5,8,32,36.12,2025-01-20,0
100350,36.0,Female,East,Secondary,Self-Employed,1107055.55,590753.53,Business,850.0,3,26,41.44,2022-08-06,1
100351,41.0,Male,West,Post-Graduate,Salaried,517480.26,174149.42,Home,828.8,2,20,8.55,2018-03-07,0
100352,54.0,Female,East,Graduate,Salaried,444248.73,463767.9,Other,677.3,3,26,24.34,2024-10-03,1
100353,47.0,Female,North,Graduate,Self-Employed,533341.55,600013.47,Home,701.9,0,19,10.99,2026-03-01,0
100354,36.0,Female,South,Secondary,Self-Employed,,696879.35,Education,626.4,2,31,16.06,2019-05-13,0
100355,38.0,Male,East,Graduate,Salaried,897968.78,297031.18,Other,716.7,2,20,35.98,2022-02-01,0
100356,27.0,Male,South,Secondary,Salaried,551281.02,303027.64,Education,619.0,1,29,35.15,2024-07-06,0
100357,38.0,Male,North,Graduate,Self-Employed,773020.63,318871.17,Car,507.2,3,26,25.26,2025-09-16,0
100358,35.0,Male,East,Secondary,Salaried,1354267.68,620853.98,Business,567.7,2,31,9.71,2020-09-27,0
100359,42.0,Male,West,Secondary,Salaried,678333.17,836792.57,Car,681.8,2,24,32.31,2022-07-21,0
100360,29.0,Female,South,Graduate,Salaried,652836.91,352401.63,Home,583.9,2,26,50.78,2023-07-11,0
100361,44.0,Female,North,Post-Graduate,Salaried,238535.3,775901.03,Other,674.3,3,22,39.19,2025-01-21,1
100362,55.0,Male,South,Primary,Self-Employed,129414.02,484605.65,Business,588.7,3,28,45.11,2022-10-09,0
100363,37.0,Male,East,Graduate,Unemployed,680974.55,417663.51,Education,613.5,3,31,29.64,2022-06-13,0
100364,42.0,Male,East,Secondary,,522050.83,396397.32,Car,752.5,1,17,45.67,2024-04-09,0
100365,46.0,Female,West,Secondary,Salaried,414381.81,704307.04,Home,701.0,2,28,41.97,2024-07-25,0
100366,34.0,Male,North,Primary,,628829.33,547079.58,Home,679.2,3,24,59.2,2020-11-06,0
100367,40.0,Female,North,Secondary,Salaried,532028.06,1762948.27,Education,754.7,0,19,22.66,2022-01-29,0
100368,38.0,Male,West,Graduate,Salaried,1022695.86,269862.56,Business,,3,24,47.51,2025-08-14,0
100369,39.0,Other,West,Primary,Salaried,576675.23,614069.8,Education,803.0,1,23,49.76,2026-01-08,0
100370,29.0,Female,North,Secondary,Salaried,364712.9,327578.26,Business,640.9,1,17,26.91,2018-12-29,0
100371,38.0,Male,South,Post-Graduate,Salaried,948147.15,267113.96,Home,643.5,0,28,65.21,2026-05-21,1
100372,43.0,Female,South,Primary,Salaried,488088.23,447075.42,Car,569.4,2,27,30.89,2022-06-23,0
100373,54.0,Male,West,Graduate,Salaried,734737.62,488656.15,Home,,3,14,10.67,2019-06-09,0
100374,49.0,Female,South,Secondary,Salaried,422987.4,2591913.58,Car,762.0,2,34,44.75,2020-04-10,0
100375,,Male,North,Graduate,Salaried,384719.11,402928.89,Home,790.5,4,30,46.0,2025-09-30,1
100376,30.0,Female,East,Secondary,Unemployed,576059.41,228409.56,Other,761.6,1,26,39.24,2022-09-19,0
100377,48.0,Female,East,Secondary,Salaried,553894.39,530093.82,Home,527.5,2,29,30.99,2019-02-24,1
100378,40.0,Female,South,Secondary,Salaried,716102.38,129601.4,Other,772.1,1,26,15.32,2025-10-04,0
100379,62.0,Female,West,Primary,Unemployed,474453.26,425844.18,Car,523.7,2,34,7.82,2018-05-13,0
100380,29.0,Male,West,Secondary,Unemployed,200320.86,454347.69,Other,756.3,4,21,33.24,2023-08-24,0
100381,29.0,Male,West,Graduate,Salaried,433500.37,724881.22,Education,648.7,0,21,29.97,2020-12-03,0
100382,31.0,Male,West,Post-Graduate,,851090.47,807078.5,Other,739.7,3,31,9.32,2021-11-01,0
100383,18.0,Male,West,Graduate,Salaried,467015.03,332654.96,Home,566.7,1,31,41.08,2024-05-31,0
100384,32.0,Female,South,Graduate,,480298.32,411117.55,Business,779.5,2,22,42.69,2021-11-20,0
100385,30.0,Male,East,Primary,Salaried,946172.93,284170.69,Other,555.5,1,23,28.06,2024-10-28,1
100386,40.0,Other,East,Secondary,Self-Employed,,228699.76,Home,623.2,2,22,25.38,2023-01-19,1
100387,42.0,Female,South,Secondary,Self-Employed,235421.26,541955.8,Home,595.2,3,21,30.3,2024-09-25,0
100388,59.0,Female,West,Secondary,Salaried,503493.68,209578.06,Car,530.9,3,22,25.71,2019-09-22,0
100389,48.0,Male,South,Graduate,Salaried,421416.9,350889.53,Other,688.0,1,32,34.85,2018-11-17,0
100390,32.0,Female,East,Graduate,Self-Employed,323268.36,247681.39,Education,833.5,1,32,20.43,2021-02-28,0
100391,28.0,Female,North,Secondary,Salaried,499426.34,625816.69,Education,850.0,3,28,21.76,2023-01-09,0
100392,43.0,Male,South,Secondary,Salaried,720716.88,1326243.31,Home,688.3,5,26,19.66,2025-11-05,0
100393,23.0,Female,West,Graduate,Self-Employed,547197.38,206086.25,Home,774.9,1,17,63.86,2021-05-07,1
100394,58.0,Female,East,Graduate,Self-Employed,651161.62,148033.19,Business,,3,25,20.14,2020-06-23,0
100395,51.0,Male,East,Secondary,Self-Employed,1491134.49,417512.9,Home,722.4,1,20,36.11,2018-02-05,0
100396,33.0,Male,East,Post-Graduate,Unemployed,455472.3,454258.43,Education,650.9,1,23,24.06,2025-10-09,1
100397,19.0,Male,East,Post-Graduate,Salaried,640987.55,513085.84,Other,696.6,2,29,10.03,2025-03-18,0
100398,53.0,Male,West,Secondary,Self-Employed,415653.06,344280.0,Home,725.7,0,25,35.9,2024-06-11,0
100399,37.0,Male,North,Secondary,Salaried,345302.36,398961.13,Education,630.8,2,23,28.58,2022-05-10,0
100400,52.0,Male,East,Graduate,Salaried,398703.91,561018.47,Home,673.4,2,26,14.48,2026-05-14,0
100401,20.0,Male,South,Post-Graduate,Salaried,422673.94,840087.55,Education,675.0,1,24,29.9,2026-01-19,0
100402,31.0,Male,North,Graduate,Salaried,670236.05,139242.68,Home,750.2,4,24,71.87,2018-01-12,1
100403,38.0,Female,East,Primary,Salaried,2002016.02,360641.33,Business,589.4,5,31,16.72,2023-11-01,0
100404,39.0,Female,North,Secondary,Salaried,370960.05,511594.78,Car,675.6,2,25,50.05,2026-07-01,0
100405,33.0,Female,South,Graduate,Self-Employed,437367.74,259423.52,Car,842.5,1,29,53.84,2021-12-02,0
100406,45.0,Male,East,Graduate,Salaried,531232.95,1271495.9,Education,778.9,2,28,37.54,2023-06-10,1
100407,26.0,Male,South,Secondary,Salaried,683760.46,307354.45,Home,794.7,3,18,39.6,2022-11-03,0
100408,36.0,Male,West,Graduate,Unemployed,635791.85,438987.95,Business,682.1,0,29,14.6,2021-12-05,0
100409,39.0,Male,East,Graduate,Salaried,1114510.94,628201.42,Car,707.3,1,19,46.91,2020-08-14,0
100410,44.0,Male,East,Graduate,Salaried,144807.12,315600.35,Education,765.2,5,21,25.26,2019-12-14,1
100411,,Female,East,Graduate,Salaried,147984.4,148606.78,Home,812.6,3,24,41.44,2023-08-05,0
100412,26.0,Male,East,Graduate,Salaried,418712.82,347948.63,Business,514.1,0,32,26.3,2021-07-03,0
100413,21.0,Female,West,Secondary,Salaried,1005694.25,834566.07,Home,568.2,4,24,31.1,2018-08-29,0
100414,52.0,Female,East,Graduate,Salaried,232481.78,367642.32,Car,791.3,2,21,29.41,2026-01-24,0
100415,42.0,Male,North,Secondary,Salaried,,270801.75,Home,656.5,2,35,14.56,2023-05-10,0
100416,30.0,Male,East,Graduate,Salaried,753001.3,784189.66,Business,622.9,1,20,58.13,2023-07-06,0
100417,,Female,West,Secondary,Salaried,628873.27,368994.83,Home,573.4,4,25,29.48,2020-06-14,1
100418,39.0,Male,East,Graduate,Salaried,301962.75,331342.01,Other,,1,19,43.24,2026-02-02,1
100419,51.0,Male,North,Secondary,Self-Employed,319856.19,492217.77,Other,560.8,1,28,34.88,2022-01-15,0
100420,,,West,Primary,Self-Employed,322647.12,714581.97,Home,850.0,3,24,11.4,2025-09-04,0
100421,61.0,Male,West,Secondary,Salaried,584474.24,1878587.98,Education,678.1,2,32,9.21,2020-10-21,0
100422,57.0,Female,North,Primary,Salaried,389726.37,739215.32,Home,675.1,2,18,6.12,2019-08-24,0
100423,35.0,,North,Graduate,Self-Employed,721731.68,902484.54,Car,730.0,1,29,18.55,2024-05-18,1
100424,49.0,Male,North,Graduate,Salaried,114419.74,332176.97,Business,761.8,2,24,22.79,2025-05-22,0
100425,45.0,Male,North,Graduate,Salaried,343315.47,243161.72,Education,760.4,2,22,23.35,2019-08-22,0
100426,53.0,Male,North,Secondary,Salaried,296067.83,467148.13,Education,771.3,1,26,44.3,2026-04-15,0
100427,27.0,Male,West,Primary,Unemployed,477675.15,479886.46,Car,626.4,2,24,24.44,2023-02-28,0
100428,46.0,Male,West,Primary,Self-Employed,,235601.06,Car,654.7,1,18,5.36,2021-02-16,0
100429,50.0,Female,East,Secondary,Salaried,3365046.61,405074.44,Home,745.4,3,27,22.01,2020-10-08,0
100430,19.0,Male,East,Post-Graduate,Self-Employed,197805.27,571827.94,Business,635.2,0,31,6.31,2026-01-26,0
100431,25.0,Male,South,Secondary,Salaried,563934.77,558627.91,Education,679.6,1,24,43.21,2022-03-09,0
100432,18.0,Other,East,Secondary,Self-Employed,747701.11,609001.23,Business,713.9,2,28,67.48,2021-01-08,0
100433,35.0,Female,East,Primary,Salaried,1527021.47,535835.08,Home,746.7,3,25,32.35,2022-07-05,0
100434,46.0,Female,North,Secondary,Salaried,421975.39,331969.26,Car,528.9,3,26,41.57,2022-08-28,0
100435,55.0,Male,North,Graduate,Self-Employed,657451.18,330599.35,Car,740.8,0,27,21.4,2026-01-20,0
100436,39.0,Female,East,Graduate,Salaried,203933.46,219176.37,Home,660.1,1,27,27.63,2020-08-14,1
100437,56.0,Female,South,Secondary,Salaried,147575.86,1313056.11,Car,740.1,2,28,21.24,2018-08-07,1
100438,23.0,Male,North,Primary,Unemployed,875280.31,453646.29,Business,746.0,0,21,62.8,2019-12-28,0
100439,19.0,Male,East,Secondary,Salaried,548320.58,393206.83,Other,816.7,2,26,36.05,2026-05-15,0
100440,37.0,Female,East,Secondary,Salaried,1051633.83,257745.41,Education,,3,23,4.65,2022-09-27,0
100441,42.0,Male,West,Secondary,Salaried,258409.8,2619247.45,Car,794.5,2,16,25.94,2022-01-29,1
100442,38.0,Male,South,Post-Graduate,Self-Employed,732061.45,236335.11,Home,802.7,4,21,27.65,2022-12-23,1
100443,18.0,Male,West,Graduate,Self-Employed,1537277.22,347908.26,Business,704.8,2,28,37.02,2019-06-02,0
100444,37.0,Male,South,Graduate,Salaried,692810.4,577523.82,Home,682.7,2,32,29.94,2020-03-22,0
100445,,Female,North,Secondary,Self-Employed,640364.86,645080.66,Other,754.2,0,22,27.22,2024-12-24,1
100446,45.0,Female,South,Secondary,Salaried,552594.31,799516.22,Car,742.2,0,31,35.51,2023-10-07,0
100447,42.0,Female,East,Graduate,Self-Employed,231813.57,1331168.87,Car,653.7,2,26,37.22,2021-09-22,0
100448,28.0,Male,East,Graduate,Salaried,1159197.68,609684.84,Other,714.4,1,32,36.83,2020-03-24,0
100449,32.0,Male,South,Graduate,Salaried,393053.83,238800.65,Home,677.0,1,25,36.09,2019-09-06,1
100450,26.0,Male,South,Secondary,Unemployed,725879.53,385707.96,Education,607.4,3,20,13.92,2019-03-02,0
100451,37.0,Male,South,Graduate,Salaried,232816.23,541285.58,Education,789.7,2,30,43.56,2022-05-03,1
100452,49.0,Male,West,Secondary,Salaried,287497.87,1556481.66,Home,684.7,4,19,27.65,2021-12-05,1
100453,27.0,Female,South,Graduate,Salaried,1211017.69,194525.7,Car,850.0,3,17,38.19,2022-12-17,0
100454,44.0,Male,North,Graduate,Unemployed,454365.54,925925.23,Education,541.8,2,22,29.2,2020-06-01,0
100455,,Female,West,Graduate,Salaried,1223192.83,501295.73,Business,632.7,1,28,34.75,2022-08-26,0
100456,29.0,Male,West,Primary,Salaried,526837.11,743929.23,Home,682.8,1,25,41.99,2019-03-08,1
100457,37.0,Male,South,Graduate,Salaried,199711.64,423287.13,Other,776.7,2,18,12.38,2021-11-01,0
100458,27.0,Male,North,Primary,Salaried,898346.15,271452.73,Home,714.0,5,30,21.82,2020-08-05,0
100459,32.0,Other,West,Secondary,Salaried,397612.34,706110.15,Home,706.4,4,19,19.72,2021-10-20,0
100460,25.0,Female,East,Secondary,Self-Employed,807705.19,666410.73,Home,584.2,1,18,7.93,2022-07-26,1
100461,60.0,Female,West,Graduate,Unemployed,557679.41,806320.87,Home,581.7,0,20,35.18,2026-03-02,1
100462,38.0,Male,South,Secondary,Salaried,235380.48,446422.05,Home,707.4,0,30,11.98,2024-09-18,0
100463,30.0,Male,North,Secondary,Salaried,602013.82,313987.87,Other,564.1,5,17,58.76,2024-12-14,0
100464,40.0,Female,South,Post-Graduate,Salaried,1840589.18,176615.56,Car,,4,29,62.47,2023-10-15,0
100465,37.0,Male,East,Secondary,Salaried,,735736.14,Home,722.6,2,30,15.12,2020-06-30,0
100466,36.0,Female,East,Graduate,Unemployed,532873.21,580320.93,Home,596.5,2,20,33.54,2019-01-26,0
100467,,,East,Secondary,Salaried,993622.29,252087.94,Business,816.5,4,30,37.04,2018-03-24,0
100468,46.0,Male,South,Primary,Salaried,617565.99,1352503.19,Business,784.0,3,30,36.65,2020-09-29,0
100469,32.0,Male,West,Graduate,Self-Employed,617180.86,340083.88,Home,546.4,6,32,34.91,2019-04-26,0
100470,32.0,Male,South,Primary,Salaried,301727.54,184833.78,Home,600.7,0,16,60.55,2020-02-16,0
100471,35.0,Female,North,Secondary,Self-Employed,625489.59,275513.92,Home,485.7,3,27,36.84,2025-10-03,1
100472,18.0,Male,West,Graduate,Salaried,972054.78,227909.67,Home,613.5,1,28,20.27,2022-10-21,0
100473,21.0,Male,East,Graduate,Self-Employed,347263.58,351342.02,Home,745.1,1,20,35.66,2021-06-02,0
100474,,Male,South,Graduate,Unemployed,1203983.57,288885.12,Car,644.8,1,21,28.72,2021-02-10,0
100475,56.0,Male,East,Secondary,Self-Employed,522946.92,169532.5,Home,719.2,5,21,14.39,2025-05-23,0
100476,35.0,Female,East,Primary,Unemployed,337526.84,1514441.07,Education,550.6,6,26,13.98,2022-03-16,1
100477,44.0,Female,North,Graduate,,952048.44,954103.37,Home,747.8,1,30,27.72,2023-03-27,0
100478,41.0,Female,West,Graduate,Salaried,469740.99,281979.94,Other,632.8,2,24,44.59,2019-06-07,0
100479,72.0,Female,North,Graduate,,835183.5,529906.42,Other,681.0,0,25,29.2,2023-04-17,0
100480,50.0,Male,North,Graduate,Salaried,468460.15,578088.31,Education,672.1,0,25,54.92,2022-08-22,0
100481,37.0,Female,North,Graduate,Salaried,532197.09,919563.5,Car,571.9,4,26,46.49,2024-03-02,1
100482,27.0,Male,East,Secondary,Salaried,721531.76,275361.44,Car,582.0,2,20,32.71,2020-01-12,1
100483,20.0,Male,North,Secondary,Salaried,645426.71,866542.93,Car,762.3,1,30,48.69,2024-06-24,1
100484,40.0,Female,North,Graduate,Salaried,,323922.54,Business,713.9,2,35,36.46,2018-10-05,0
100485,30.0,Male,West,Secondary,Salaried,296852.16,201891.44,Car,769.3,0,26,41.13,2026-01-28,1
100486,22.0,Female,West,Secondary,Self-Employed,916987.43,694873.29,Business,707.6,0,22,3.88,2018-05-28,0
100487,31.0,Male,North,Graduate,Salaried,511446.59,976234.32,Other,692.2,2,20,16.51,2020-02-17,0
100488,26.0,Female,West,Post-Graduate,Salaried,412347.34,2125990.24,Car,533.3,2,17,36.69,2021-01-11,0
100489,57.0,Female,West,Secondary,Salaried,260525.98,219074.62,Education,657.0,0,28,21.18,2019-02-23,0
100490,48.0,Female,North,Primary,Salaried,303706.96,684438.91,Home,677.7,2,21,30.8,2025-01-29,0
100491,38.0,Female,East,Secondary,Unemployed,180897.22,351906.96,Home,846.0,1,26,37.75,2024-09-05,1
100492,54.0,Female,North,Graduate,Salaried,520200.28,720008.35,Car,738.4,3,25,44.31,2021-03-02,1
100493,39.0,Male,West,Post-Graduate,Salaried,,186224.67,Home,810.6,4,18,3.12,2020-07-28,1
100494,29.0,Male,East,Secondary,Self-Employed,323207.63,210942.53,Business,730.8,4,21,48.45,2023-07-13,0
100495,55.0,Male,South,Primary,Salaried,529773.94,282512.47,Home,619.5,2,18,32.79,2022-06-16,0
100496,44.0,Female,East,Graduate,Salaried,671895.03,471833.43,Car,690.0,4,19,17.02,2018-08-30,0
100497,27.0,Male,West,Secondary,Salaried,1739194.13,306310.36,Education,700.1,4,21,30.28,2020-09-25,0
100498,36.0,Female,East,Graduate,Unemployed,239459.04,668261.92,Business,600.2,2,25,44.06,2021-05-08,1
100499,28.0,Male,North,Post-Graduate,Salaried,1040626.12,833292.19,Car,647.3,2,18,14.82,2021-05-27,0
100500,23.0,Male,South,Primary,Salaried,939289.87,644834.77,Business,662.5,0,23,47.24,2024-04-09,1
100501,48.0,Female,South,Graduate,Salaried,358316.71,1188586.62,Education,816.5,4,21,52.84,2026-04-12,1
100502,59.0,Male,South,Primary,Salaried,,577520.28,Car,503.1,3,16,28.93,2022-12-23,0
100503,23.0,Male,West,Secondary,Salaried,427613.6,216829.12,Home,782.5,2,24,15.73,2023-01-27,0
100504,44.0,Male,West,Graduate,Salaried,609139.31,1019709.94,Car,600.4,3,19,21.16,2019-11-15,1
100505,31.0,Female,South,Secondary,Salaried,1261353.13,312984.55,Business,563.4,3,31,35.87,2021-11-12,0
100506,,Female,East,Post-Graduate,Unemployed,2852447.97,777045.33,Education,780.3,2,29,31.67,2025-03-20,0
100507,31.0,Male,South,Graduate,Self-Employed,727528.29,1156887.07,Business,742.2,6,25,36.89,2021-05-17,1
100508,28.0,Male,East,Secondary,Salaried,,591854.24,Car,786.6,1,19,37.29,2019-09-09,1
100509,39.0,Male,East,Secondary,Self-Employed,243152.09,183378.49,Home,748.1,2,18,33.88,2023-07-21,0
100510,29.0,Female,West,Secondary,Salaried,490419.31,259386.77,Home,,2,24,39.88,2023-09-05,0
100511,41.0,Female,East,Secondary,Salaried,1068010.41,995150.78,Car,727.5,2,19,21.92,2025-12-20,0
100512,37.0,Male,South,Primary,Self-Employed,237454.48,406577.26,Business,666.7,3,17,60.67,2023-10-28,1
100513,35.0,Male,West,Secondary,Self-Employed,307851.99,472006.0,Business,709.1,2,32,28.71,2020-10-08,0
100514,28.0,Male,North,Secondary,Self-Employed,589553.54,709487.04,Car,785.7,3,32,51.52,2023-07-11,0
100515,32.0,Female,North,Graduate,Salaried,320011.89,683373.32,Car,613.8,1,24,39.9,2018-05-08,0
100516,46.0,Female,West,Graduate,Unemployed,355679.62,531938.28,Car,624.6,1,22,22.85,2019-02-17,1
100517,,Male,South,Graduate,Salaried,435693.52,397043.78,Car,653.7,0,32,34.56,2023-12-25,0
100518,27.0,Male,North,Primary,Unemployed,259518.69,373025.4,Home,501.1,6,28,33.08,2021-09-19,1
100519,,Male,North,Secondary,Unemployed,321871.13,752941.0,Home,691.7,2,21,29.36,2025-02-08,0
100520,46.0,Female,East,Graduate,Salaried,809813.22,627277.67,Home,519.7,6,24,59.41,2024-09-01,0
100521,20.0,Male,East,Secondary,Self-Employed,267967.28,385625.84,Home,684.5,2,22,22.24,2019-07-25,0
100522,44.0,Female,South,Primary,,228397.74,861362.1,Home,753.5,1,32,44.65,2026-05-22,0
100523,31.0,Female,West,Graduate,Salaried,388932.01,416475.28,Home,639.5,1,15,44.79,2024-10-04,0
100524,44.0,Male,South,Graduate,Salaried,822619.54,269953.65,Education,822.6,0,23,30.23,2018-05-21,0
100525,30.0,Male,West,Graduate,Salaried,493543.64,285392.43,Car,555.9,2,36,10.86,2023-04-24,0
100526,18.0,Male,North,Primary,Unemployed,425982.68,250135.58,Other,781.3,2,24,41.46,2018-02-20,0
100527,20.0,Female,East,Graduate,Self-Employed,563583.56,382145.56,Home,737.4,5,17,25.47,2026-04-23,0
100528,39.0,Female,South,Graduate,Salaried,,943392.24,Car,534.1,1,33,12.63,2026-02-24,1
100529,41.0,Female,South,Graduate,Self-Employed,721986.46,277602.57,Car,850.0,1,28,37.57,2021-11-29,0
100530,28.0,Female,West,Graduate,Unemployed,679126.59,503877.43,Home,850.0,2,31,13.05,2021-09-22,1
100531,45.0,Male,West,Graduate,Salaried,439131.37,303455.2,Business,605.4,2,34,35.91,2025-06-02,0
100532,20.0,Female,South,Graduate,Unemployed,,384930.25,Home,,2,28,43.25,2019-01-01,1
100533,37.0,Female,West,Secondary,Salaried,,181857.4,Other,,0,18,28.34,2026-02-03,0
100534,25.0,Male,South,Graduate,Self-Employed,1022768.27,394226.12,Other,669.2,3,30,53.06,2023-04-19,0
100535,31.0,Other,South,Graduate,Salaried,598777.33,400624.41,Education,688.7,3,31,26.18,2026-05-04,0
100536,39.0,Female,South,Graduate,Salaried,457059.85,622298.79,Education,654.7,3,23,64.37,2023-06-27,0
100537,29.0,Female,North,Secondary,Salaried,544020.96,514510.59,Education,,1,21,21.47,2025-12-11,0
100538,34.0,Female,West,Secondary,Self-Employed,518490.99,219249.93,Car,647.1,3,19,49.23,2018-09-15,0
100539,49.0,Female,East,Post-Graduate,Salaried,1076073.31,862440.82,Education,515.5,1,32,36.07,2018-02-14,0
100540,32.0,Female,East,Graduate,Salaried,304218.06,510519.79,Home,,2,24,19.1,2018-09-26,0
100541,47.0,Male,West,Post-Graduate,Salaried,361597.86,506884.77,Home,478.8,2,14,28.76,2021-08-27,0
100542,26.0,Male,South,Graduate,Unemployed,972514.39,447527.58,Car,710.1,1,19,4.83,2019-11-03,0
100543,44.0,Female,East,Graduate,Salaried,396380.28,329835.19,Education,596.8,5,20,22.9,2026-05-25,0
100544,54.0,Male,East,Graduate,Salaried,902538.61,512822.09,Other,693.9,1,26,31.54,2021-07-25,0
100545,18.0,Male,West,Post-Graduate,Salaried,1400532.88,598604.22,Home,791.7,2,32,23.41,2025-12-14,1
100546,29.0,Male,East,Graduate,Salaried,440949.79,157765.57,Business,599.4,1,20,12.44,2024-01-02,0
100547,44.0,Male,South,Graduate,Self-Employed,800044.67,325704.68,Home,770.2,4,29,32.56,2023-06-13,1
100548,,Female,West,Secondary,Self-Employed,291601.32,386170.66,Car,643.2,2,31,22.34,2018-08-23,0
100549,42.0,Female,South,Secondary,Salaried,832989.96,524764.69,Car,829.0,1,21,32.64,2025-07-01,0
100550,31.0,Male,East,Graduate,Salaried,,920792.02,Car,649.0,1,20,31.76,2025-07-30,0
100551,39.0,Male,East,Secondary,,713433.57,283214.08,Home,608.6,1,33,63.56,2022-01-08,0
100552,36.0,Male,South,Secondary,Salaried,385620.47,333776.12,Education,738.4,3,24,70.73,2024-07-28,0
100553,51.0,Female,North,Secondary,Self-Employed,220593.67,330870.52,Business,643.0,1,28,49.07,2021-11-18,0
100554,41.0,Female,East,Secondary,Self-Employed,725388.17,278197.43,Car,608.5,1,23,49.59,2020-09-20,0
100555,,Male,North,Secondary,Self-Employed,176804.84,365379.19,Car,639.4,3,23,45.51,2018-10-02,1
100556,33.0,Female,East,Secondary,Salaried,461912.51,714604.27,Business,676.2,3,26,49.5,2020-06-28,0
100557,33.0,Female,North,Post-Graduate,Salaried,922943.76,239115.4,Business,794.1,2,34,63.37,2019-03-16,0
100558,33.0,Female,North,Graduate,Unemployed,611223.1,581689.16,Car,515.6,0,25,11.92,2020-12-22,0
100559,42.0,Female,North,Secondary,Salaried,1606007.77,162082.63,Home,682.0,1,26,29.88,2023-03-12,0
100560,33.0,Male,South,Primary,Salaried,966545.44,321322.34,Other,733.1,2,32,35.99,2022-10-17,0
100561,41.0,Female,North,Graduate,Salaried,383858.57,369279.57,Education,696.4,1,20,63.14,2020-05-21,0
100562,61.0,Male,North,Secondary,Self-Employed,2294292.08,1229254.77,Home,791.3,0,22,29.63,2019-10-13,0
100563,48.0,Female,North,Graduate,Salaried,535855.42,381597.43,Home,673.7,0,20,10.23,2026-03-10,0
100564,34.0,Female,East,Graduate,Salaried,230377.91,120121.23,Business,664.3,0,31,43.48,2018-02-03,0
100565,51.0,Female,North,Graduate,Salaried,327896.78,135627.78,Home,730.3,2,22,4.83,2025-07-15,0
100566,34.0,Female,East,Secondary,Salaried,404034.3,459282.43,Other,688.4,0,23,11.13,2020-05-16,0
100567,18.0,Male,North,Graduate,Self-Employed,819757.8,650349.62,Home,646.8,0,22,53.6,2026-04-21,0
100568,27.0,Female,North,Secondary,Salaried,564556.06,563699.38,Business,723.9,5,17,24.12,2020-04-11,0
100569,18.0,Other,South,Post-Graduate,Salaried,479588.65,497596.57,Car,624.5,3,26,22.42,2021-01-15,0
100570,34.0,Female,East,Graduate,Self-Employed,219165.39,903795.7,Car,,1,23,41.63,2019-04-07,1
100571,38.0,Male,North,Secondary,Salaried,,325542.44,Other,635.1,0,24,24.54,2023-10-30,0
100572,56.0,Male,East,Secondary,Salaried,815375.13,769848.63,Car,795.0,2,25,42.88,2018-11-18,0
100573,42.0,Male,East,Secondary,Salaried,623149.99,169023.65,Education,406.2,0,29,40.45,2019-02-19,0
100574,36.0,Female,West,Graduate,Salaried,460209.02,261459.37,Home,713.6,1,17,30.82,2023-02-18,0
100575,47.0,Female,South,Secondary,,761440.06,152173.72,Home,682.9,1,25,28.81,2026-04-28,0
100576,18.0,Male,South,Graduate,Salaried,799542.33,381587.58,Home,537.1,2,33,39.91,2024-02-16,0
100577,41.0,Male,South,Secondary,Salaried,651312.95,437681.23,Business,706.3,2,26,15.11,2021-06-10,1
100578,46.0,Female,West,Graduate,Salaried,349457.36,481886.44,Home,720.4,3,33,30.14,2024-09-05,0
100579,22.0,Female,West,Graduate,Salaried,640371.64,467022.57,Home,730.1,2,29,14.85,2018-06-17,0
100580,51.0,Female,South,Graduate,Salaried,1061494.01,257937.06,Car,454.6,2,19,34.51,2021-03-19,0
100581,42.0,Female,West,Graduate,Salaried,396141.83,401458.06,Education,796.1,2,21,20.89,2025-06-04,1
100582,33.0,Male,West,Secondary,Self-Employed,1743735.47,183236.85,Business,617.3,0,20,38.97,2021-11-10,0
100583,45.0,Male,West,Primary,Salaried,411916.75,1019619.67,Home,738.4,2,23,30.14,2024-08-25,0
100584,63.0,Female,South,Graduate,Salaried,559891.01,375054.72,Home,743.0,0,17,44.35,2023-01-07,0
100585,40.0,Female,South,Secondary,Salaried,379954.38,335598.64,Other,605.5,0,21,12.01,2023-07-18,0
100586,41.0,Female,South,Secondary,Salaried,621861.4,1167490.42,Home,736.1,4,29,62.05,2022-06-29,0
100587,33.0,Female,West,Primary,Salaried,210965.87,213556.12,Business,,2,24,35.64,2020-06-16,1
100588,29.0,Female,South,Secondary,Salaried,407318.44,229039.69,Business,503.9,3,18,17.16,2025-12-21,0
100589,47.0,Male,West,Primary,Unemployed,,233111.15,Business,779.3,4,19,24.37,2023-10-11,1
100590,29.0,Male,North,Graduate,Salaried,592502.07,432042.84,Home,614.1,4,16,59.61,2025-01-19,1
100591,39.0,Male,West,Secondary,Unemployed,950382.31,583022.96,Business,607.4,1,22,57.15,2020-05-11,0
100592,33.0,Male,East,Graduate,,784637.39,701382.13,Business,645.7,3,23,47.64,2018-05-30,0
100593,43.0,Female,South,Primary,Salaried,149232.52,2105787.47,Education,703.1,1,26,12.47,2023-12-04,0
100594,42.0,Other,South,Graduate,Salaried,1690968.27,116697.85,Car,675.1,3,31,14.13,2020-04-03,0
100595,49.0,Male,East,Secondary,Salaried,646984.44,648387.78,Home,726.6,1,30,16.79,2023-10-14,0
100596,32.0,,West,Post-Graduate,Salaried,358828.21,322134.53,Home,566.1,2,25,35.65,2021-12-23,0
100597,35.0,Female,North,Post-Graduate,Self-Employed,599645.49,316523.82,Education,616.9,3,22,24.27,2024-06-15,1
100598,27.0,Male,East,Secondary,Salaried,605965.27,310251.82,Education,670.1,1,20,23.88,2025-07-16,0
100599,33.0,Female,East,Post-Graduate,Unemployed,381134.18,260860.5,Car,841.3,4,20,40.21,2025-12-11,1
100600,,Female,West,Post-Graduate,Self-Employed,,1236404.05,Car,670.3,2,34,33.62,2021-12-24,0
100601,46.0,Female,South,Graduate,Salaried,393786.36,745925.69,Car,772.2,0,27,6.96,2026-05-30,0
100602,,Male,West,Graduate,Salaried,440327.68,456306.7,Education,683.3,1,18,12.33,2018-11-02,1
100603,48.0,Male,East,Secondary,Salaried,,1012175.28,Other,638.9,0,26,41.67,2021-10-16,1
100604,53.0,Female,East,Graduate,Salaried,,181586.15,Home,659.0,1,20,57.64,2022-04-24,0
100605,43.0,Female,South,Primary,Salaried,595933.05,202517.14,Car,665.7,4,24,40.06,2020-05-22,1
100606,59.0,Male,South,Primary,Salaried,758871.88,121810.55,Home,731.3,2,22,53.38,2018-06-18,0
100607,29.0,Female,South,Post-Graduate,Salaried,730043.6,295774.95,Education,796.8,2,23,13.24,2022-01-22,0
100608,24.0,Male,West,Secondary,Salaried,863399.21,495846.65,Business,710.6,1,28,10.7,2022-05-23,0
100609,18.0,Female,South,Graduate,Unemployed,657408.37,478646.69,Other,780.9,1,32,4.91,2020-10-27,0
100610,54.0,Male,East,Graduate,Self-Employed,410312.58,492184.05,Home,598.0,4,29,52.85,2022-10-01,0
100611,45.0,Female,East,Graduate,Unemployed,872823.54,192985.2,Other,644.8,4,22,45.88,2025-03-20,1
100612,37.0,Male,North,Post-Graduate,Salaried,260677.4,728611.33,Home,618.4,1,22,30.17,2025-09-10,0
100613,41.0,Male,West,Secondary,Salaried,335140.22,519581.72,Education,706.7,4,21,18.24,2018-12-13,1
100614,26.0,Male,North,Primary,Salaried,323632.38,698601.27,Home,649.5,0,18,11.07,2026-03-22,0
100615,65.0,Male,East,Secondary,Salaried,996201.07,144544.91,Other,742.0,2,26,29.88,2020-01-05,0
100616,39.0,Female,North,Secondary,Salaried,923759.69,542475.05,Education,600.9,0,26,54.98,2021-06-30,0
100617,39.0,Other,East,Primary,Self-Employed,719053.78,220652.36,Education,683.7,2,22,54.03,2024-09-23,1
100618,46.0,Male,North,Secondary,Self-Employed,991758.57,354551.51,Business,738.4,1,23,49.01,2019-06-27,0
100619,43.0,Male,South,Graduate,Salaried,339106.0,620091.17,Home,504.4,3,23,18.5,2018-12-21,1
100620,40.0,Female,North,Graduate,Salaried,666237.09,475279.83,Home,850.0,3,29,5.81,2019-12-14,0
100621,29.0,Female,South,Secondary,Salaried,513408.77,269973.44,Business,,0,18,13.47,2019-08-07,0
100622,43.0,Female,South,Graduate,Salaried,876295.56,451696.94,Car,507.9,2,22,14.05,2019-05-26,0
100623,59.0,Male,West,Secondary,,516226.15,179527.14,Home,693.4,0,24,21.77,2025-01-24,0
100624,53.0,Male,South,Primary,Salaried,445055.81,897315.94,Car,682.8,2,24,43.42,2025-01-19,1
100625,56.0,Female,South,Graduate,Salaried,740568.37,397850.84,Education,673.0,1,22,22.03,2020-08-04,0
100626,32.0,Male,North,Graduate,Unemployed,890525.13,880401.06,Home,764.3,3,15,13.96,2021-04-13,0
100627,27.0,Female,East,Graduate,Salaried,380820.61,328103.32,Home,743.5,2,26,33.79,2025-11-11,0
100628,37.0,Male,West,Primary,Self-Employed,531831.47,328685.7,Home,705.3,1,28,25.16,2018-03-19,0
100629,39.0,Female,South,Graduate,Salaried,307285.08,284500.64,Car,718.3,2,24,18.55,2019-03-16,0
100630,50.0,Male,West,Graduate,Salaried,139210.16,761242.48,Other,671.1,3,27,30.12,2022-11-11,0
100631,19.0,Female,North,Graduate,Salaried,614108.16,294002.68,Other,830.9,3,22,28.13,2025-02-09,0
100632,55.0,Male,South,Graduate,Salaried,768788.75,662489.59,Education,554.3,0,19,26.7,2024-09-13,0
100633,36.0,Female,North,Graduate,Salaried,635273.12,357729.15,Home,691.9,1,32,4.37,2021-05-01,0
100634,33.0,,West,Graduate,Self-Employed,188229.01,137506.28,Other,685.5,4,19,4.36,2025-07-11,0
100635,27.0,Female,North,Graduate,Self-Employed,453479.97,319596.46,Education,749.1,3,27,18.93,2021-07-14,0
100636,20.0,Female,West,Post-Graduate,Salaried,162361.77,221801.46,Home,608.3,1,17,12.8,2018-05-06,0
100637,47.0,Female,North,Graduate,Salaried,1168240.31,459247.47,Other,531.8,0,16,30.98,2022-10-05,0
100638,39.0,Female,West,Secondary,Unemployed,302653.4,220302.8,Business,693.3,4,25,32.33,2025-11-21,0
100639,24.0,Female,East,Graduate,Salaried,1097061.22,784332.19,Business,703.9,1,32,20.45,2025-02-04,0
100640,24.0,Female,North,Secondary,Salaried,925326.44,426069.32,Business,806.6,3,23,48.55,2019-05-17,0
100641,34.0,Male,North,Secondary,Salaried,,404515.47,Home,572.0,1,32,17.41,2025-11-11,1
100642,56.0,Female,East,Graduate,Self-Employed,294973.8,666995.21,Home,778.1,2,26,46.8,2019-01-22,1
100643,35.0,Male,East,Post-Graduate,Unemployed,666887.85,802387.57,Business,850.0,4,21,29.02,2019-02-16,0
100644,21.0,Male,North,Post-Graduate,Salaried,345689.18,444605.93,Home,647.9,1,22,49.25,2021-10-01,1
100645,35.0,Male,East,Secondary,Unemployed,581891.98,283305.95,Car,570.3,4,23,32.28,2023-06-30,1
100646,35.0,Male,South,Graduate,Self-Employed,421729.07,155223.47,Business,645.4,2,24,48.35,2021-01-22,0
100647,18.0,Female,West,Secondary,Salaried,206496.02,298156.27,Business,681.2,3,40,28.55,2024-07-03,0
100648,37.0,Female,West,Post-Graduate,Salaried,161283.05,310728.72,Car,,4,27,48.77,2023-11-18,0
100649,35.0,Female,West,Post-Graduate,,623029.96,479854.08,Business,,5,15,14.86,2024-11-13,0
100650,46.0,Male,South,Graduate,Unemployed,403857.27,365826.6,Business,812.2,1,30,19.69,2021-08-31,0
100651,58.0,Male,East,Graduate,Salaried,405742.56,679941.91,Education,585.3,2,16,54.37,2023-09-04,0
100652,50.0,Male,East,Graduate,Self-Employed,806451.2,311518.16,Home,532.2,3,29,20.44,2023-04-26,1
100653,,Male,North,Graduate,Salaried,1048705.19,434859.45,Home,774.1,0,26,17.58,2024-12-16,0
100654,26.0,Male,East,Primary,Self-Employed,,915655.36,Car,486.7,1,32,47.05,2018-12-19,1
100655,66.0,Male,North,Secondary,Salaried,,552438.83,Home,662.6,2,27,35.5,2020-05-18,0
100656,39.0,Male,South,Graduate,Salaried,724148.84,434078.35,Home,,0,37,20.13,2024-02-25,1
100657,38.0,Female,West,Graduate,Self-Employed,,313588.28,Home,679.0,2,32,37.6,2021-07-26,0
100658,38.0,Female,West,Secondary,Self-Employed,621821.12,307756.46,Car,584.7,4,18,31.97,2020-04-26,1
100659,40.0,Other,West,Post-Graduate,Self-Employed,745053.15,270123.6,Other,675.1,3,19,36.87,2021-01-07,1
100660,36.0,Female,East,Secondary,Salaried,3192010.03,325266.05,Home,675.7,2,25,19.25,2021-12-18,0
100661,32.0,Female,North,Graduate,Self-Employed,189559.75,708143.73,Business,693.7,4,25,15.3,2019-06-10,1
100662,32.0,Male,North,Graduate,Salaried,361829.42,393906.91,Business,736.3,3,26,25.14,2025-02-01,0
100663,38.0,Female,South,Graduate,Salaried,339296.21,200213.39,Home,591.7,0,17,9.29,2022-08-07,0
100664,32.0,Female,East,Graduate,Salaried,581061.21,1300038.5,Other,823.4,2,28,7.98,2024-11-29,0
100665,30.0,Male,South,Secondary,Salaried,716463.85,545240.35,Education,700.8,5,21,14.74,2023-02-22,0
100666,39.0,Male,North,Secondary,Salaried,1252765.77,193462.08,Car,741.8,1,24,21.91,2018-01-10,0
100667,35.0,Female,North,Graduate,Unemployed,418923.06,345204.93,Business,626.6,2,17,14.18,2021-07-07,0
100668,55.0,Male,West,Graduate,Salaried,418322.81,480957.74,Home,789.3,2,29,16.24,2025-01-15,0
100669,18.0,Female,East,Secondary,Self-Employed,,1251380.77,Business,658.2,2,31,43.72,2025-10-28,1
100670,50.0,Female,North,Graduate,Salaried,647446.13,231453.76,Home,703.6,1,30,8.91,2025-09-20,0
100671,52.0,Male,West,Secondary,Salaried,1104476.35,808250.48,Business,600.7,2,33,28.94,2022-06-08,0
100672,18.0,Male,East,Graduate,Salaried,644657.19,1042043.99,Car,595.3,0,36,6.03,2023-02-27,0
100673,34.0,Male,South,Graduate,Unemployed,291052.64,308602.8,Education,738.5,0,16,27.8,2025-12-17,0
100674,34.0,,East,Secondary,,264197.7,380977.15,Home,642.3,0,30,13.25,2026-06-05,0
100675,23.0,Male,East,Primary,Unemployed,234296.3,241643.15,Education,,2,30,33.73,2020-11-24,0
100676,29.0,Female,North,Graduate,Unemployed,791592.54,398286.22,Business,625.3,5,22,19.99,2024-02-01,0
100677,26.0,Male,North,Graduate,Salaried,1057482.68,440228.36,Car,739.4,3,24,26.59,2024-10-25,0
100678,57.0,Male,East,Graduate,Salaried,1520915.08,668500.79,Education,626.5,4,23,62.79,2021-03-16,0
100679,48.0,Male,North,Graduate,Self-Employed,874477.19,865543.53,Car,670.0,1,20,20.5,2022-05-12,0
100680,52.0,Female,North,Graduate,Salaried,1042606.91,287260.64,Other,681.3,2,25,58.89,2026-06-12,0
100681,46.0,Male,North,Post-Graduate,Salaried,399777.96,138220.82,Car,517.0,3,26,29.05,2023-04-12,1
100682,26.0,Male,West,Graduate,Salaried,291164.84,444300.31,Business,555.0,2,27,29.49,2024-04-12,0
100683,32.0,Female,West,Secondary,Salaried,877837.86,536662.87,Business,708.6,3,27,10.73,2019-11-06,0
100684,43.0,Female,East,Secondary,Salaried,692039.26,522642.77,Car,,5,28,22.96,2023-02-22,1
100685,25.0,Male,North,Secondary,,583481.46,369904.05,Home,769.8,3,31,44.73,2023-12-02,0
100686,46.0,Female,West,Graduate,Salaried,680598.52,2206289.92,Car,762.2,1,21,28.26,2020-10-08,1
100687,35.0,Male,East,Secondary,Salaried,,1117125.86,Business,741.1,2,28,17.32,2020-03-04,0
100688,34.0,Male,North,Post-Graduate,Salaried,1114339.97,565826.83,Home,834.7,1,27,11.5,2018-08-21,0
100689,46.0,Male,South,Graduate,Salaried,1121206.2,359684.24,Education,672.9,2,20,46.64,2022-08-29,0
100690,43.0,Male,North,Graduate,Self-Employed,741918.55,333328.63,Business,735.2,1,27,44.57,2026-04-16,0
100691,34.0,Female,North,Secondary,Salaried,875775.57,406399.3,Car,630.3,2,20,62.54,2021-09-07,0
100692,51.0,Male,West,Primary,Salaried,729714.0,1201458.55,Education,850.0,1,21,14.67,2023-12-14,0
100693,26.0,Male,East,Primary,Self-Employed,426782.67,403133.25,Home,848.6,3,23,46.38,2019-05-26,0
100694,45.0,Female,East,Secondary,Salaried,,444687.14,Home,681.0,3,24,10.4,2022-02-16,0
100695,45.0,Female,West,Primary,Salaried,255429.38,336924.69,Business,712.9,3,28,23.56,2024-05-17,0
100696,35.0,Male,North,Graduate,Self-Employed,981967.91,870125.62,Home,795.5,0,16,32.95,2020-03-08,1
100697,42.0,Female,South,Post-Graduate,Salaried,285125.85,1458479.79,Home,667.5,0,32,44.55,2026-04-14,0
100698,24.0,Male,North,Post-Graduate,Self-Employed,643621.03,589700.87,Business,624.2,1,23,11.28,2026-01-29,0
100699,48.0,Female,North,Graduate,Self-Employed,345531.43,472912.95,Car,754.3,1,19,62.3,2021-07-30,0
100700,36.0,Female,South,Secondary,Salaried,745669.31,460041.77,Other,686.7,4,18,30.63,2025-05-22,0
100701,32.0,Female,West,Graduate,Salaried,539832.77,107626.14,Other,695.6,1,21,15.21,2019-01-27,1
100702,50.0,Male,East,Post-Graduate,Salaried,228789.53,703690.13,Home,609.1,2,24,37.5,2019-01-17,1
100703,30.0,Male,West,Secondary,Salaried,693189.27,487722.91,Home,534.0,1,20,53.11,2024-03-13,0
100704,23.0,Male,West,Graduate,Salaried,1924464.33,581873.35,Business,700.1,2,13,24.61,2025-02-02,1
100705,21.0,Male,North,Secondary,,892966.42,293644.62,Car,756.9,0,24,28.21,2019-08-29,0
100706,45.0,Male,East,Graduate,Salaried,550401.17,357299.17,Home,660.8,4,23,13.99,2018-04-26,1
100707,24.0,Female,East,Post-Graduate,Salaried,683618.37,351648.68,Business,802.1,2,24,29.65,2019-05-24,0
100708,57.0,Male,West,Primary,Salaried,324814.86,830660.67,Home,620.2,0,23,25.53,2024-05-07,0
100709,18.0,Male,South,Post-Graduate,Salaried,,358522.59,Business,590.4,2,22,25.96,2022-01-03,0
100710,57.0,Female,West,Graduate,Salaried,427377.21,1570020.22,Home,674.3,3,30,20.77,2026-07-08,1
100711,40.0,Male,South,Post-Graduate,Self-Employed,881041.42,582753.94,Home,673.0,2,31,7.93,2020-11-13,0
100712,37.0,Female,East,Secondary,Salaried,1383643.72,209314.52,Home,745.4,2,28,21.62,2020-02-15,0
100713,32.0,Male,West,Graduate,Salaried,353213.9,416597.2,Other,614.1,2,25,28.08,2020-12-02,0
100714,42.0,Male,North,Primary,Unemployed,994444.97,304369.53,Business,796.3,0,28,19.06,2021-04-08,0
100715,38.0,Male,West,Secondary,Salaried,166766.68,120616.74,Business,847.2,0,26,15.84,2018-12-06,0
100716,50.0,Male,East,Primary,Salaried,285178.16,1174890.4,Car,676.7,1,19,19.75,2018-06-18,0
100717,39.0,Female,North,Post-Graduate,Salaried,324598.85,686175.28,Car,786.2,3,27,28.34,2023-01-13,1
100718,40.0,Male,North,Graduate,Self-Employed,261396.52,619660.64,Home,590.2,4,22,25.68,2022-04-11,1
100719,34.0,Female,South,Graduate,Salaried,230199.12,2438350.83,Car,771.4,2,31,37.69,2025-06-02,0
100720,37.0,Male,North,Post-Graduate,,690259.55,196377.15,Education,769.0,2,27,16.86,2023-12-31,0
100721,41.0,Male,North,Primary,Salaried,488911.28,336661.27,Education,753.4,2,25,8.07,2019-07-29,0
100722,19.0,Female,West,Secondary,Unemployed,677623.11,745694.54,Home,678.7,0,14,24.03,2022-06-17,0
100723,23.0,Male,East,Primary,Salaried,804063.51,239490.93,Other,428.9,0,24,48.77,2022-10-09,1
100724,46.0,Female,South,Secondary,Salaried,636514.77,98512.75,Home,625.5,0,30,25.12,2019-04-20,0
100725,40.0,Female,West,Secondary,Self-Employed,789727.56,392675.66,Other,626.8,0,10,51.88,2024-06-16,0
100726,36.0,Female,North,Secondary,Salaried,529363.59,413307.99,Home,596.8,1,27,61.58,2026-07-29,0
100727,38.0,Female,North,Secondary,Unemployed,286309.08,488131.89,Car,,2,24,9.68,2026-06-28,0
100728,42.0,Male,South,Primary,Salaried,984088.74,696702.69,Car,644.4,3,30,32.53,2019-06-15,0
100729,32.0,Male,East,Secondary,Self-Employed,397782.99,659717.08,Car,609.9,6,21,71.62,2020-09-17,1
100730,29.0,Male,South,Secondary,Salaried,328764.05,525583.71,Education,590.0,3,27,47.05,2023-10-22,0
100731,40.0,Female,West,Post-Graduate,Self-Employed,498729.29,922019.54,Car,619.2,2,25,48.49,2021-11-18,1
100732,27.0,Other,South,Graduate,Unemployed,332910.03,180885.77,Car,775.3,2,17,20.17,2020-05-18,0
100733,42.0,Male,North,Post-Graduate,Salaried,437174.12,609108.66,Business,623.8,0,29,21.05,2024-09-07,1
100734,19.0,Female,West,Secondary,Salaried,664575.13,655350.76,Business,636.2,1,32,34.49,2022-11-17,0
100735,49.0,Male,North,Secondary,Salaried,666144.25,213900.34,Business,641.2,2,23,44.2,2024-12-03,1
100736,43.0,Female,East,Graduate,Salaried,335664.36,182641.5,Home,708.8,1,24,30.42,2024-11-25,1
100737,41.0,Male,North,Secondary,Salaried,420599.18,287632.12,Education,718.8,1,23,48.93,2018-11-09,0
100738,49.0,Other,North,Secondary,Salaried,993070.27,302573.04,Education,421.2,0,24,56.97,2022-01-01,0
100739,56.0,Female,South,Secondary,,722659.63,707189.92,Car,766.8,0,31,8.47,2020-08-09,0
100740,49.0,Male,North,Secondary,Salaried,1721935.19,311227.55,Car,,3,23,53.18,2024-06-29,0
100741,18.0,Male,West,Secondary,Salaried,1052568.63,269195.66,Car,590.7,1,25,50.26,2020-10-09,1
100742,24.0,Male,West,Secondary,Salaried,1032026.34,311770.5,Home,597.4,1,19,28.01,2020-08-22,0
100743,31.0,Male,East,Graduate,Salaried,256362.02,880444.58,Home,641.7,4,40,14.25,2023-11-05,1
100744,38.0,Male,West,Primary,Salaried,837181.98,453535.53,Home,615.7,3,23,45.66,2018-12-25,0
100745,44.0,Female,South,Secondary,Salaried,534167.54,404113.98,Business,699.0,2,18,30.66,2019-11-26,1
100746,30.0,Female,East,Graduate,,406213.26,421257.5,Education,,5,29,32.74,2024-02-23,1
100747,40.0,Female,West,Secondary,Salaried,603246.99,976997.2,Other,585.0,2,23,18.48,2025-09-04,1
100748,,Male,South,Secondary,Salaried,924991.57,287075.3,Business,810.8,1,33,19.72,2026-04-13,0
100749,31.0,Female,West,Graduate,Salaried,724423.13,990839.49,Home,601.1,4,31,30.72,2021-11-09,1
100750,23.0,Female,West,Secondary,Self-Employed,339256.92,510578.99,Other,785.7,4,25,41.46,2021-02-15,0
100751,28.0,Male,North,Primary,Salaried,827385.46,408705.95,Business,710.2,4,41,20.55,2019-05-13,0
100752,23.0,Female,West,Secondary,Self-Employed,387317.64,2017850.03,Car,526.2,3,20,52.47,2020-06-26,0
100753,27.0,Female,West,Secondary,Self-Employed,619612.32,238856.72,Education,734.0,1,26,43.09,2026-02-26,0
100754,50.0,Male,South,Graduate,Self-Employed,465483.08,363957.14,Other,670.0,3,24,43.88,2019-04-07,0
100755,28.0,Male,South,Graduate,Unemployed,487622.65,214817.5,Education,641.3,0,24,67.68,2022-06-06,0
100756,67.0,Male,North,Secondary,Salaried,838279.78,796896.47,Other,700.8,0,31,17.35,2026-04-06,0
100757,43.0,Male,West,Graduate,Salaried,310384.46,1239868.92,Home,720.3,4,22,43.57,2024-03-31,0
100758,40.0,Female,North,Graduate,Unemployed,,1225618.94,Home,740.1,5,29,59.07,2019-02-21,0
100759,29.0,Female,West,Secondary,Salaried,202010.76,937875.15,Car,780.2,2,16,23.39,2022-01-30,0
100760,46.0,Female,East,Graduate,Salaried,395915.6,399684.43,Education,714.7,1,23,26.22,2022-02-14,0
100761,32.0,Male,East,Secondary,Self-Employed,674205.4,361442.51,Business,,1,24,46.69,2021-10-20,1
100762,39.0,Male,North,Secondary,Self-Employed,758460.76,165099.07,Other,639.7,1,24,42.72,2024-01-10,0
100763,66.0,Female,North,Primary,Unemployed,520430.64,1526559.37,Car,850.0,3,33,13.26,2018-09-29,0
100764,37.0,Female,North,Secondary,Unemployed,532910.45,596234.73,Home,741.6,0,25,34.76,2019-01-27,0
100765,51.0,Male,South,Secondary,Self-Employed,689330.49,334980.87,Business,850.0,2,24,6.77,2025-02-07,1
100766,30.0,Male,South,Graduate,Salaried,484360.79,998327.84,Education,798.6,0,23,47.5,2019-12-26,0
100767,38.0,Female,South,Primary,Unemployed,1183424.9,251034.12,Home,700.6,2,29,20.84,2022-10-13,0
100768,57.0,Male,North,Secondary,Salaried,872672.46,574339.57,Car,705.6,0,21,43.99,2022-08-02,0
100769,31.0,Male,West,Secondary,Salaried,888888.38,405722.77,Business,676.9,5,19,16.31,2024-02-15,0
100770,58.0,Female,East,Graduate,Unemployed,323284.29,660141.28,Business,532.3,2,24,29.59,2025-10-30,0
100771,46.0,Male,North,Graduate,Salaried,526501.74,433158.39,Car,681.5,2,35,13.88,2019-01-30,0
100772,32.0,Male,South,Graduate,Salaried,466222.04,188423.27,Car,782.9,7,20,16.2,2019-10-24,0
100773,45.0,Male,South,Graduate,Salaried,316346.31,470875.35,Other,629.0,1,23,15.73,2020-05-02,0
100774,49.0,Male,North,Graduate,Self-Employed,670489.86,844349.13,Education,715.0,3,23,18.19,2025-03-26,0
100775,45.0,Female,North,Secondary,Salaried,409203.71,442180.31,Car,752.4,0,24,47.67,2024-02-16,0
100776,21.0,Male,South,Graduate,Self-Employed,788703.44,716455.87,Car,602.7,1,25,27.02,2024-03-31,1
100777,,Male,West,Graduate,Salaried,,240310.03,Business,641.6,2,19,31.24,2022-09-08,0
100778,35.0,Female,South,Post-Graduate,Self-Employed,1415715.9,442965.15,Home,593.5,1,21,27.34,2024-03-29,0
100779,37.0,Female,South,Post-Graduate,Self-Employed,335940.92,309371.03,Home,610.1,2,22,7.91,2024-08-02,0
100780,45.0,Female,North,Secondary,Salaried,620505.56,704463.19,Education,570.6,0,26,40.38,2024-11-30,1
100781,40.0,Male,West,Secondary,Salaried,850173.88,458583.56,Car,603.5,1,22,54.36,2023-07-24,0
100782,23.0,Male,South,Secondary,Salaried,401844.84,680815.8,Education,800.7,0,23,20.9,2018-08-25,0
100783,42.0,Other,South,Graduate,Unemployed,878992.21,864260.16,Home,602.2,4,26,8.14,2020-11-22,0
100784,45.0,Female,East,Secondary,Self-Employed,279741.87,681447.17,Education,690.7,2,27,19.87,2024-03-10,1
100785,44.0,Male,North,Secondary,Unemployed,1222414.17,530128.08,Car,637.3,1,18,33.24,2022-05-15,1
100786,50.0,Male,East,Graduate,Salaried,554296.85,247230.28,Home,,0,31,11.23,2024-08-23,0
100787,47.0,Male,East,Secondary,Self-Employed,396189.25,449248.38,Home,791.4,8,24,48.43,2020-10-22,1
100788,43.0,Female,South,Graduate,Self-Employed,466551.45,326814.7,Other,753.4,1,25,18.68,2020-06-27,0
100789,37.0,Female,North,Secondary,Self-Employed,858188.59,366064.38,Business,706.0,3,15,9.62,2019-03-26,0
100790,20.0,Male,West,Secondary,Unemployed,398803.12,359432.75,Home,660.4,2,30,9.85,2019-07-23,0
100791,43.0,Male,South,Secondary,Salaried,364224.91,249957.83,Business,578.7,1,32,32.87,2025-10-31,0
100792,40.0,Female,West,Graduate,Salaried,486907.0,139051.51,Education,845.2,1,24,25.13,2022-08-01,1
100793,41.0,Female,West,Secondary,Self-Employed,287893.07,301376.93,Other,615.4,4,35,22.85,2024-05-15,1
100794,24.0,Male,North,Secondary,Self-Employed,1496998.57,505362.13,Car,736.4,1,31,42.0,2018-08-02,0
100795,26.0,Female,East,Post-Graduate,Salaried,,200405.21,Business,770.1,1,25,37.43,2022-11-10,0
100796,50.0,Female,North,Secondary,Salaried,868969.05,454254.19,Home,632.8,2,20,35.17,2021-08-01,0
100797,38.0,Male,West,Graduate,Salaried,617159.08,1407272.39,Car,768.2,2,24,27.47,2019-12-19,0
100798,45.0,Female,South,Graduate,,320033.14,831375.46,Other,745.0,0,20,46.34,2020-08-27,0
100799,38.0,Male,West,Secondary,Salaried,548201.65,1206371.64,Education,826.9,2,17,17.13,2026-06-10,0
100800,38.0,Female,South,Graduate,Self-Employed,846508.13,569024.97,Car,640.1,1,26,25.57,2025-12-28,0
100801,48.0,Female,South,Secondary,Self-Employed,495900.12,906647.27,Home,570.7,3,21,61.5,2026-07-16,1
100802,32.0,Female,North,Graduate,Salaried,1060112.59,291450.08,Business,637.0,1,21,21.49,2022-07-24,0
100803,39.0,Female,West,Secondary,Salaried,964636.88,305711.98,Education,697.8,2,31,61.69,2024-10-21,0
100804,33.0,Male,East,Graduate,Salaried,,86987.42,Car,684.9,6,27,9.18,2025-06-11,0
100805,33.0,Female,West,Secondary,Salaried,427137.96,916841.73,Other,646.6,3,28,24.86,2020-06-22,0
100806,35.0,Female,West,Graduate,,303689.24,1133926.84,Home,517.7,0,31,55.39,2021-12-21,0
100807,40.0,Male,East,Secondary,Unemployed,392464.11,322899.53,Car,720.0,2,28,24.33,2021-12-26,0
100808,33.0,Female,North,Secondary,Salaried,612684.91,386401.34,Other,847.6,4,32,44.84,2026-06-21,0
100809,52.0,Female,West,Secondary,Self-Employed,742557.99,286268.54,Car,719.5,0,23,42.57,2026-01-18,0
100810,28.0,Male,West,Secondary,Unemployed,166593.05,566139.05,Home,731.8,3,25,5.86,2024-09-02,0
100811,36.0,Female,South,Graduate,Self-Employed,547551.22,883779.07,Education,728.7,2,23,43.36,2018-05-15,1
100812,33.0,Female,West,Secondary,Salaried,,158156.4,Business,713.7,3,32,43.71,2019-06-16,0
100813,54.0,Male,East,Post-Graduate,Unemployed,472136.88,575310.96,Home,759.2,2,25,23.22,2024-03-17,0
100814,40.0,Other,South,Post-Graduate,Salaried,1118919.64,381169.64,Other,713.6,3,21,8.5,2018-11-29,0
100815,49.0,Male,North,Graduate,Salaried,693601.31,481682.04,Business,653.4,1,29,43.67,2021-02-27,1
100816,22.0,Male,South,Secondary,Salaried,1130622.71,592673.69,Home,612.3,3,28,67.25,2026-07-01,0
100817,41.0,Male,East,Secondary,Salaried,488402.56,401949.36,Business,658.8,1,20,32.98,2022-06-14,0
100818,48.0,Female,East,Graduate,Salaried,921065.27,422882.97,Car,706.7,5,24,32.97,2021-12-19,1
100819,39.0,Female,South,Secondary,Salaried,1351816.87,395805.32,Car,653.1,0,27,19.43,2021-08-14,0
100820,50.0,Male,North,Primary,Salaried,1131556.81,805479.14,Business,706.7,6,29,6.42,2022-03-08,0
100821,32.0,Male,South,Graduate,Self-Employed,301641.85,578537.61,Other,717.3,3,27,39.72,2022-09-05,0
100822,54.0,Female,North,Graduate,Unemployed,2330709.24,513678.56,Home,750.8,2,22,54.44,2024-08-01,0
100823,63.0,Male,South,Graduate,,454900.03,209909.51,Car,789.0,3,27,19.62,2019-02-05,0
100824,34.0,Female,East,Secondary,,719825.1,358561.34,Car,686.6,1,26,46.07,2023-07-05,0
100825,33.0,Female,West,Graduate,Self-Employed,802243.95,771586.73,Car,568.8,3,26,21.26,2026-01-22,0
100826,54.0,Male,West,Secondary,Self-Employed,346723.39,460294.05,Car,650.7,1,28,27.24,2026-04-26,0
100827,55.0,Female,North,Secondary,Salaried,570908.79,668453.25,Home,683.7,2,31,5.02,2025-07-19,0
100828,32.0,Male,North,Graduate,Self-Employed,181083.5,1298746.26,Business,524.0,2,28,33.82,2022-01-18,0
100829,33.0,Other,North,Secondary,Unemployed,1215593.89,839168.25,Car,798.0,1,30,32.66,2023-03-30,0
100830,35.0,Female,East,Secondary,Self-Employed,414931.08,475868.99,Home,692.1,2,25,38.23,2020-11-23,0
100831,23.0,Female,South,Primary,Salaried,567161.13,331177.37,Business,712.4,2,25,15.24,2024-04-14,0
100832,28.0,Male,East,Graduate,Salaried,463873.06,97233.75,Business,796.1,2,26,40.89,2026-03-13,0
100833,27.0,Female,West,Graduate,Self-Employed,1033011.34,406757.27,Car,626.4,5,23,57.24,2018-02-11,0
100834,30.0,Male,North,Graduate,Salaried,115502.22,370050.72,Car,728.8,1,32,32.44,2020-03-11,0
100835,38.0,Male,South,Graduate,Salaried,,568764.97,Education,670.7,0,30,19.17,2023-12-11,1
100836,41.0,Male,West,Secondary,Salaried,,410306.5,Car,664.4,4,12,23.75,2018-01-27,0
100837,,Female,West,Secondary,Self-Employed,428554.65,371302.3,Home,614.4,4,29,16.94,2025-03-03,1
100838,27.0,Female,West,Secondary,Self-Employed,1421322.25,154718.64,Business,821.6,3,32,19.44,2021-03-16,0
100839,49.0,Female,East,Primary,Salaried,337608.55,256022.9,Home,648.1,4,18,50.96,2024-12-18,0
100840,36.0,Female,North,Secondary,Unemployed,840844.02,598985.99,Home,739.5,2,19,41.56,2024-12-08,0
100841,37.0,Male,West,Post-Graduate,Salaried,669049.01,1259905.71,Home,520.6,0,23,46.01,2026-01-25,0
100842,45.0,Female,North,Primary,Self-Employed,1100757.51,424423.74,Home,780.3,0,20,25.3,2019-12-12,0
100843,26.0,Male,East,Secondary,Self-Employed,381062.83,547813.13,Home,769.4,3,27,19.81,2024-08-20,0
100844,42.0,Female,West,Secondary,Self-Employed,367522.81,796904.2,Other,688.3,4,22,28.13,2023-07-12,1
100845,40.0,Female,East,Secondary,Unemployed,1005013.98,276638.4,Car,660.7,2,23,38.33,2019-10-27,1
100846,43.0,Female,East,Post-Graduate,Salaried,694953.54,560784.11,Home,714.0,0,26,19.27,2020-02-22,0
100847,41.0,Female,North,Secondary,Self-Employed,235145.09,288574.57,Home,850.0,0,25,37.15,2025-12-08,0
100848,65.0,Male,West,Secondary,Salaried,408830.45,756076.26,Other,530.1,1,25,56.81,2023-06-03,1
100849,31.0,Male,East,Graduate,,680228.48,492793.1,Education,746.5,1,14,6.64,2023-08-10,0
100850,32.0,Female,West,Secondary,Self-Employed,871912.09,538247.6,Car,602.5,2,22,13.01,2021-01-11,0
100851,31.0,Male,North,Secondary,Self-Employed,378547.45,281375.04,Business,678.3,0,32,61.38,2022-04-08,0
100852,32.0,Male,East,Secondary,Salaried,110728.08,687778.61,Car,658.9,0,23,22.9,2022-09-19,0
100853,31.0,Male,North,Graduate,Unemployed,,6977769.99,Car,643.6,1,17,24.46,2022-07-10,0
100854,51.0,Female,West,Post-Graduate,Salaried,281108.83,245795.67,Home,679.1,2,31,11.11,2025-06-14,0
100855,54.0,Male,West,Graduate,Salaried,181341.49,367011.13,Car,583.6,1,25,15.99,2021-01-31,1
100856,32.0,Male,North,Secondary,Self-Employed,115831.79,517087.48,Car,,4,18,45.51,2022-11-14,0
100857,29.0,Female,South,Graduate,Salaried,860581.01,721326.09,Education,527.5,2,28,49.45,2024-08-06,0
100858,43.0,Female,East,Secondary,Self-Employed,590315.93,321667.95,Car,725.9,3,23,54.14,2019-11-15,0
100859,32.0,Male,West,Primary,Salaried,485804.98,82222.53,Education,652.2,2,26,26.69,2021-07-03,0
100860,45.0,Male,West,Secondary,Salaried,1180722.33,1017151.43,Home,580.5,3,24,26.6,2024-04-13,0
100861,40.0,Male,East,Secondary,Self-Employed,780899.81,710203.29,Home,697.2,0,24,38.46,2023-07-04,0
100862,21.0,Male,North,Graduate,Salaried,1337935.86,158139.74,Car,547.7,4,26,34.48,2021-04-30,1
100863,55.0,Male,North,Graduate,Salaried,255676.7,312531.83,Other,683.4,2,20,45.14,2022-07-08,0
100864,58.0,Female,North,Post-Graduate,Self-Employed,539647.11,1153039.8,Car,,2,25,34.12,2025-01-26,0
100865,31.0,Female,South,Graduate,Salaried,226043.15,1072690.69,Education,719.2,1,29,32.87,2023-03-09,0
100866,34.0,Female,South,Graduate,Salaried,484810.45,790315.0,Home,601.4,2,27,16.13,2018-11-10,0
100867,41.0,Male,West,Primary,Salaried,479708.95,404875.71,Home,641.7,1,32,11.47,2021-10-28,0
100868,42.0,Female,North,Primary,Self-Employed,776312.99,472973.82,Home,705.0,1,24,38.69,2019-03-20,0
100869,45.0,Male,East,Graduate,Self-Employed,563957.23,416002.85,Car,614.3,0,23,24.78,2022-07-30,0
100870,60.0,Other,West,Secondary,Self-Employed,774945.11,885534.53,Home,675.1,3,31,12.5,2025-12-26,0
100871,36.0,Female,East,Graduate,Salaried,809818.66,266065.4,Home,551.3,5,25,39.38,2022-12-19,1
100872,29.0,Male,West,Secondary,Self-Employed,1799256.95,277485.25,Business,733.6,2,29,60.2,2019-08-05,0
100873,23.0,Female,South,Primary,Self-Employed,462434.59,825023.88,Home,830.0,1,26,19.8,2025-12-28,0
100874,30.0,Male,West,Secondary,Self-Employed,327784.31,438180.41,Education,850.0,0,29,28.54,2021-10-15,0
100875,38.0,Female,South,Secondary,Salaried,629713.07,1028984.83,Car,687.7,1,25,21.18,2019-07-02,0
100876,58.0,Male,West,Primary,Unemployed,353776.11,300768.32,Education,747.0,2,34,23.58,2021-02-05,0
100877,32.0,Male,North,Graduate,Self-Employed,1242644.07,435450.26,Education,528.6,0,23,26.53,2026-06-23,1
100878,40.0,Female,East,Primary,Salaried,470665.83,258733.81,Car,807.7,2,28,21.64,2019-04-10,0
100879,,Male,North,Graduate,Salaried,,451992.32,Car,746.0,1,31,37.5,2020-11-11,0
100880,51.0,Female,West,Secondary,Unemployed,424407.73,185326.55,Business,638.9,1,20,8.81,2024-12-24,0
100881,66.0,Male,West,Secondary,Salaried,816517.1,335850.97,Business,785.2,5,19,35.48,2025-12-08,0
100882,32.0,Female,West,Secondary,Unemployed,504292.99,190089.55,Home,658.4,0,26,20.86,2023-02-08,1
100883,33.0,Female,South,Graduate,Self-Employed,386449.63,682390.12,Home,641.1,2,30,16.88,2019-12-17,0
100884,49.0,Male,East,Secondary,Self-Employed,1374522.71,691733.79,Other,720.4,0,40,21.73,2020-06-10,0
100885,46.0,Male,East,Graduate,Salaried,343444.27,159347.91,Car,589.6,0,25,56.42,2019-05-16,0
100886,58.0,Male,West,Secondary,Salaried,560864.65,1001825.42,Education,766.8,0,21,35.82,2025-08-14,1
100887,44.0,Male,West,Graduate,Unemployed,787360.85,2013634.66,Car,590.2,3,24,45.64,2025-03-25,1
100888,34.0,Male,South,Secondary,Salaried,,462594.76,Home,590.7,4,23,14.8,2019-02-11,1
100889,44.0,Female,North,Graduate,Self-Employed,716273.13,306304.29,Education,602.7,4,25,18.27,2021-09-15,0
100890,,Female,North,Graduate,Salaried,307848.89,2450006.45,Education,744.6,1,21,47.83,2019-12-04,0
100891,47.0,Female,East,Post-Graduate,Salaried,864757.23,203948.29,Home,627.6,2,18,37.85,2024-05-22,0
100892,44.0,Female,South,Secondary,,323908.23,455461.62,Car,565.4,2,28,21.76,2024-01-04,0
100893,50.0,Female,West,Primary,Salaried,805079.67,501207.88,Business,628.5,1,30,7.76,2025-10-12,0
100894,51.0,Female,East,Primary,Unemployed,1010425.15,1008617.8,Education,677.3,3,25,32.29,2023-07-03,0
100895,53.0,Male,South,Graduate,Salaried,,558408.61,Home,579.6,3,24,29.12,2019-01-19,0
100896,45.0,Female,North,Graduate,Salaried,631528.1,333641.56,Education,,2,24,23.55,2023-08-21,0
100897,36.0,,South,Graduate,Salaried,484299.13,254305.67,Business,850.0,1,29,25.71,2024-05-12,0
100898,40.0,Female,North,Secondary,Salaried,400569.59,366557.17,Business,606.9,3,22,54.03,2020-06-04,1
100899,51.0,Male,South,Secondary,Salaried,1235198.99,245940.88,Education,652.5,0,23,35.67,2022-05-11,0
100900,29.0,Male,East,Primary,Unemployed,374351.77,463099.89,Home,648.8,3,26,21.97,2020-08-21,1
100901,42.0,Male,North,Post-Graduate,Salaried,310918.85,320771.77,Business,644.2,2,30,23.81,2018-10-30,0
100902,34.0,Female,East,Graduate,Salaried,793038.04,183612.01,Education,732.8,1,23,64.81,2024-03-01,0
100903,38.0,,East,Post-Graduate,Salaried,354973.46,955595.83,Home,760.6,3,29,45.43,2018-12-11,0
100904,52.0,Male,North,Secondary,Unemployed,326158.47,333834.07,Car,654.0,3,20,33.06,2022-11-19,0
100905,,Other,North,Graduate,Salaried,248622.56,210264.34,Car,574.9,2,31,36.32,2020-04-05,1
100906,39.0,,West,Graduate,Salaried,421710.0,406787.97,Education,788.3,3,28,56.07,2021-07-13,0
100907,23.0,Male,West,Secondary,Self-Employed,,468844.2,Home,671.9,2,31,61.31,2018-01-22,0
100908,46.0,Male,West,Graduate,Salaried,628677.7,157806.18,Education,827.1,1,26,46.02,2025-11-26,0
100909,45.0,Female,East,Post-Graduate,Salaried,928097.43,549075.63,Other,489.1,3,28,26.75,2025-01-27,0
100910,62.0,Female,East,Post-Graduate,Salaried,734883.61,240075.4,Business,696.6,1,24,28.51,2022-09-26,0
100911,35.0,Male,West,Graduate,Self-Employed,495188.53,1256222.99,Other,843.1,2,24,65.42,2021-01-24,0
100912,40.0,Female,East,Secondary,Salaried,493197.97,616232.23,Other,650.0,2,24,43.87,2026-04-17,0
100913,41.0,Male,East,Secondary,Self-Employed,728148.41,354003.78,Home,660.8,4,29,11.84,2022-01-08,0
100914,55.0,Female,North,Post-Graduate,Self-Employed,1107468.29,287765.79,Education,,1,27,47.36,2018-09-20,1
100915,37.0,Female,North,Primary,Salaried,589568.6,422532.75,Car,632.5,1,34,28.14,2025-03-16,0
100916,41.0,Female,East,Graduate,Salaried,424918.04,649967.28,Business,653.5,2,20,42.02,2026-05-19,1
100917,45.0,Male,West,Graduate,Salaried,318569.92,443168.96,Home,651.3,3,24,15.02,2024-08-27,1
100918,40.0,Female,South,Graduate,Self-Employed,248403.73,395026.28,Other,626.7,1,32,35.87,2022-04-23,1
100919,33.0,Female,West,Post-Graduate,Salaried,793431.01,466039.2,Education,784.5,1,34,29.1,2026-02-12,0
100920,40.0,Male,South,Secondary,Salaried,755822.43,313228.27,Business,719.2,2,24,35.99,2019-01-27,0
100921,50.0,Female,West,Secondary,Salaried,755566.82,366252.88,Home,701.3,1,30,20.98,2026-01-15,0
100922,27.0,Male,North,Primary,Unemployed,512425.63,128737.07,Home,748.7,2,16,27.05,2019-06-24,1
100923,39.0,Female,East,Secondary,Salaried,1192410.76,807128.85,Business,657.5,2,19,27.32,2021-01-20,0
100924,30.0,Male,East,Secondary,Unemployed,421429.75,538359.34,Home,614.2,1,24,33.89,2025-02-26,1
100925,51.0,Female,North,Secondary,Salaried,930122.56,282922.8,Business,628.8,1,19,42.71,2021-03-28,0
100926,21.0,Female,South,Graduate,Salaried,538404.26,1405978.21,Home,680.2,2,20,30.56,2020-06-02,1
100927,32.0,Male,South,Post-Graduate,Salaried,393596.14,474118.59,Education,590.0,1,30,52.5,2018-08-16,0
100928,42.0,Male,South,Secondary,Salaried,761895.91,241667.17,Car,,2,25,42.56,2024-11-25,0
100929,55.0,Male,North,Secondary,Salaried,688984.07,752416.51,Education,636.1,2,16,27.26,2024-08-16,0
100930,37.0,Male,South,Post-Graduate,,669313.99,571392.58,Business,850.0,3,26,27.99,2021-10-31,0
100931,32.0,Male,North,Primary,Unemployed,575144.56,570204.79,Car,444.2,3,27,18.27,2022-04-26,0
100932,59.0,Female,West,Primary,Self-Employed,538655.97,348554.37,Home,664.7,2,18,24.5,2023-09-16,0
100933,22.0,Male,West,Secondary,Self-Employed,2045756.39,589659.36,Home,826.7,4,23,25.55,2023-05-12,0
100934,18.0,Male,North,Graduate,Salaried,1054961.37,384595.68,Education,690.4,4,25,47.06,2019-11-22,0
100935,43.0,Female,East,Secondary,Salaried,818499.73,628171.02,Education,744.0,1,25,17.5,2025-12-01,0
100936,32.0,Male,West,Post-Graduate,Salaried,584880.65,143492.23,Business,688.5,3,24,30.12,2020-11-26,0
100937,27.0,Female,South,Secondary,Self-Employed,957049.14,346860.79,Education,623.3,1,24,26.89,2023-11-19,0
100938,46.0,Female,North,Graduate,Unemployed,731293.88,1264637.3,Car,489.4,0,25,34.73,2021-04-28,0
100939,41.0,Female,South,Secondary,Salaried,557984.34,284009.34,Car,697.5,3,22,34.92,2022-03-16,0
100940,32.0,Female,South,Secondary,Salaried,465428.23,313232.15,Home,614.1,3,35,28.73,2019-10-20,0
100941,24.0,Female,East,Graduate,Salaried,526059.19,343941.22,Car,612.0,0,31,21.55,2018-03-31,0
100942,48.0,Male,South,Graduate,Salaried,96176.41,217101.26,Other,637.6,0,29,64.44,2026-06-05,0
100943,45.0,Male,East,Graduate,Salaried,617543.02,119615.1,Business,828.3,4,20,28.67,2026-01-31,0
100944,37.0,Male,West,Graduate,Self-Employed,420420.93,391856.52,Car,850.0,1,23,66.82,2021-03-08,0
100945,58.0,Female,North,Post-Graduate,Self-Employed,1320659.85,488218.59,Education,698.5,4,24,36.9,2018-04-05,0
100946,26.0,Male,South,Graduate,Salaried,555882.82,436044.6,Business,640.5,2,22,22.85,2022-07-13,0
100947,21.0,Female,North,Graduate,Salaried,285999.02,412534.75,Car,579.9,2,19,24.2,2023-03-17,1
100948,30.0,Other,South,Primary,Unemployed,535116.35,461772.39,Home,719.8,3,22,13.41,2025-05-03,0
100949,37.0,Female,North,Primary,Salaried,309374.24,831268.18,Home,831.5,2,31,39.15,2023-12-11,0
100950,41.0,Female,South,Secondary,Salaried,713578.43,401408.6,Education,659.0,2,23,7.39,2019-01-01,1
100951,35.0,Male,South,Graduate,Salaried,645444.57,318874.64,Other,477.8,0,17,37.15,2025-07-01,1
100952,42.0,,South,Secondary,Salaried,931438.42,380152.43,Business,737.0,3,29,17.88,2022-02-22,0
100953,24.0,Female,South,Secondary,Salaried,356000.91,637054.77,Home,763.8,2,22,32.86,2024-06-30,0
100954,54.0,Male,South,Post-Graduate,Self-Employed,560384.26,1049914.18,Home,,2,25,34.81,2024-09-20,1
100955,37.0,Male,South,Post-Graduate,Salaried,259603.71,308697.35,Business,695.0,1,19,19.29,2020-09-22,0
100956,50.0,Female,South,Post-Graduate,Salaried,808952.67,477520.86,Business,718.4,1,26,23.6,2019-06-03,0
100957,42.0,Female,South,Secondary,Self-Employed,731646.47,551290.59,Education,,1,20,49.66,2020-06-14,0
100958,43.0,Female,South,Graduate,Salaried,722423.14,248067.47,Education,612.8,3,29,52.05,2023-01-22,1
100959,44.0,Female,North,Secondary,Self-Employed,550489.98,455546.54,Home,766.4,1,23,32.31,2023-10-26,0
100960,43.0,Female,East,Secondary,Self-Employed,690933.35,186763.53,Business,645.7,4,24,41.83,2024-03-31,0
100961,45.0,Male,South,Secondary,Salaried,,155682.3,Business,553.8,2,29,58.83,2020-04-09,0
100962,53.0,Male,East,Secondary,Self-Employed,470180.39,1487240.99,Home,505.8,1,26,30.38,2025-03-18,0
100963,40.0,Male,South,Secondary,Salaried,2709138.94,357423.99,Business,787.2,1,23,14.34,2024-12-06,0
100964,46.0,Male,South,Graduate,Unemployed,302641.46,508068.27,Home,732.4,3,27,53.39,2018-09-28,1
100965,37.0,Female,North,Primary,Salaried,341167.91,445194.2,Home,687.5,2,21,16.85,2026-03-06,0
100966,54.0,Female,West,Graduate,Unemployed,580398.88,250487.13,Home,642.6,0,29,17.02,2019-04-14,0
100967,31.0,Female,West,Graduate,Self-Employed,,1420007.24,Home,635.0,3,16,41.26,2025-05-03,1
100968,58.0,,North,Secondary,Salaried,477690.88,214731.15,Car,588.6,1,20,17.7,2025-02-07,0
100969,38.0,,East,Secondary,Salaried,483071.26,1036734.34,Car,643.3,0,26,9.88,2019-12-20,0
100970,22.0,Female,West,Secondary,Unemployed,439717.02,199470.3,Education,,6,20,24.37,2020-10-04,0
100971,39.0,Female,North,Graduate,Self-Employed,409854.46,400124.77,Car,617.4,1,24,14.31,2024-05-06,0
100972,31.0,Female,North,Secondary,Salaried,646874.68,240780.24,Home,653.6,4,31,44.03,2019-08-28,0
100973,47.0,Male,West,Secondary,Self-Employed,241393.06,633652.24,Home,731.8,3,28,36.73,2026-04-01,1
100974,31.0,Male,East,Primary,Salaried,1112577.91,368849.52,Education,676.6,3,28,57.12,2019-01-13,0
100975,33.0,Male,North,Graduate,Salaried,381433.31,329655.3,Car,747.6,3,31,37.62,2018-06-26,0
100976,18.0,Male,South,Post-Graduate,Salaried,818084.14,750821.93,Car,794.7,3,29,31.54,2024-05-10,0
100977,33.0,Male,East,Secondary,Salaried,273532.12,458016.83,Business,769.9,1,32,66.24,2022-09-11,0
100978,18.0,Female,East,Graduate,Self-Employed,794553.52,613533.12,Business,300.0,0,27,27.9,2019-09-29,0
100979,21.0,Female,West,Graduate,Salaried,795911.35,249747.9,Business,681.0,1,23,11.0,2023-09-06,0
100980,46.0,Female,West,Post-Graduate,Self-Employed,679413.15,193709.07,Car,596.6,1,36,41.97,2025-03-08,0
100981,,Female,South,Graduate,Salaried,318296.26,479897.41,Home,742.9,0,33,27.39,2018-03-01,1
100982,43.0,Male,North,Graduate,Salaried,630914.14,371645.25,Business,822.8,1,30,32.56,2025-08-10,0
100983,27.0,Female,West,Graduate,Salaried,286929.74,655309.99,Home,709.1,3,25,18.76,2019-10-23,0
100984,37.0,Male,West,Post-Graduate,Salaried,478615.94,428933.76,Car,843.0,0,24,21.04,2018-09-27,0
100985,38.0,Male,East,Secondary,Salaried,968836.13,508920.99,Home,550.3,0,27,27.96,2018-09-02,0
100986,25.0,Male,West,Secondary,Salaried,852441.29,169901.37,Business,581.9,2,26,12.34,2019-10-22,0
100987,55.0,Male,West,Primary,Salaried,,1397317.7,Home,752.7,1,24,22.77,2018-03-26,0
100988,48.0,,West,Graduate,Salaried,321749.94,407769.63,Other,702.5,4,25,29.44,2020-06-25,1
100989,,Male,West,Graduate,Salaried,784456.81,683891.83,Business,791.7,0,29,43.42,2023-02-19,0
100990,38.0,Male,East,Primary,Salaried,555894.18,272487.46,Car,678.7,2,32,13.27,2025-01-27,0
100991,40.0,Other,South,Graduate,,153506.77,541343.24,Business,606.2,4,29,22.02,2023-11-07,0
100992,18.0,Male,South,Secondary,Unemployed,845869.15,205930.91,Education,661.8,2,28,15.43,2025-02-09,0
100993,35.0,Male,North,Primary,Salaried,,590215.83,Business,549.7,4,24,31.05,2020-05-03,0
100994,30.0,Male,West,Post-Graduate,Salaried,1065571.4,363457.78,Car,584.1,1,19,20.94,2026-01-21,0
100995,27.0,Female,East,Secondary,Salaried,301123.2,457950.86,Business,762.7,2,21,14.48,2019-05-22,0
100996,35.0,Male,North,Primary,Unemployed,95844.89,684050.67,Car,754.2,0,28,39.67,2019-02-12,0
100997,58.0,Male,North,Graduate,Salaried,,214803.44,Other,710.9,2,27,42.1,2021-07-18,1
100998,45.0,Male,South,Graduate,Salaried,645663.39,298435.12,Car,533.7,2,35,30.58,2019-06-08,0
100999,32.0,Male,East,Primary,Salaried,217032.88,592080.23,Car,649.5,4,21,82.96,2022-02-26,0
101000,44.0,Male,East,Graduate,Salaried,321097.09,1584747.66,Business,575.9,1,25,35.22,2025-04-08,1
